fixture_key	library_order	category	video_id	title	valid_sessions	invalid_sessions	total_sessions	watched
A2_LIB_001	1	Java Core	AkhPDT0VIeM	#5. Variables | Java Programming Course for Beginners from A to Z	35	1	36	True
A2_LIB_002	2	Java Core	UVHlHN5Ky7I	#10. Java Data Types (Kiểu dữ liệu) | Khóa Học Java Cơ Bản Từ A tới Z cho Beginner	0	2	2	False
A2_LIB_003	3	Java Core	6AWG5AXWCzg	#16. Loops | Java Basic Course From A to Z for Beginners	5	3	8	True
A2_LIB_004	4	Java Core	xzbF3XpiHlo	#17. Array Java | Khóa Học Java Cơ Bản Từ A tới Z cho Beginner	8	2	10	True
A2_LIB_005	5	Java Core	wO4oDe-hEKo	#21. What is Object-Oriented Programming (OOP)? | Java Basics A-Z Course for Beginners	15	3	18	True
A2_LIB_006	6	Java Core	PaOJlKbwiX0	#22. Concepts of Class and Object | Java Basics Course From A to Z for Beginners	5	1	6	True
A2_LIB_007	7	Java Core	tmKzNlHXmR0	#26. Defining a Constructor | Basic Java Course from A to Z for Beginners	15	0	15	True
A2_LIB_008	8	Java Core	YyMOnvkhXLU	#27. Access Modifier (private/public/protected) | Khóa Học Java Cơ Bản Từ A tới Z cho Beginner	14	4	18	True
A2_LIB_009	9	Java Core	teQ5QZ2lUkE	#28. Encapsulation Java | Basic Java Course From A to Z for Beginners	5	2	7	True
A2_LIB_010	10	Java Core	LykA5UTyrMs	#33. What is an ArrayList? | Java Fundamentals Course From A to Z for Beginners	3	1	4	True
A2_LIB_011	11	Java Core	IhnwAcrBRTs	#34. Java Generics (Basic) | Java Programming Course from A to Z for Beginners	0	19	19	False
A2_LIB_012	12	Java Core	pXzRhD4Vu2s	#41. Java Inheritance - Kế Thừa | Khóa Học Java Cơ Bản Từ A tới Z cho Beginner	4	0	4	True
A2_LIB_013	13	Java Core	yMRSXK9dfp8	#43. Abstract Class (Basic) | Khóa Học Java Cơ Bản Từ A tới Z cho Beginner	5	1	6	True
A2_LIB_014	14	Java Core	vIob6cVNufw	#44. Java Polymorphism | Java Basic Course from A to Z for Beginners	8	1	9	True
A2_LIB_015	15	Java Core	eRj_XQawcBg	#47. Interface Trong Java | Khóa Học Java Cơ Bản Từ A tới Z cho Beginner	16	0	16	True
A2_LIB_016	16	Java Core	xN_DF0FRx7A	#52. Try...Catch Xử Lý Exception | Khóa Học Java Cơ Bản Từ A tới Z cho Beginner	0	7	7	False
A2_LIB_017	17	Java Core	GgAsaNcxdwY	#59. Example of Read/Write File with Java | Basic Java Course From A to Z for Beginners	4	3	7	True
A2_LIB_018	18	Java Core	9M0UjGVZaDY	#61. Processes and Threads | Khóa Học Java Cơ Bản Từ A tới Z cho Beginner	3	4	7	True
A2_LIB_019	19	Java Core	pV45eVVcuYc	[FULL] Chia Sẻ Lộ Trình Tự Học Java Spring - Spring Boot Từ Số 0 Dành Cho Người Mới Bắt Đầu	9	9	18	True
A2_LIB_020	20	DSA	ZEJ6MKuUZds	[CTDL & GT]. Buổi 1. Vector, Iterator, Pair, Set Trong C++	4	5	9	True
A2_LIB_021	21	DSA	Pju2Y69Q6ew	[CTDL & GT]. Buổi 2. Hàm sort, binary_search, lower_bound, upper_bound	9	0	9	True
A2_LIB_022	22	DSA	0_4s88NLOmw	[CTDL & GT]. Buổi 3. String Và Các Dạng Bài Tập Xử Lý Xâu Thường Gặp	15	3	18	True
A2_LIB_023	23	DSA	sdosjI25u5c	[CTDL & GT]. Buổi 4. Mảng Cộng Dồn, Mảng Hiệu, Kỹ Thuật Loang Trên Mảng 2 Chiều	4	1	5	True
A2_LIB_024	24	DSA	DRcAJNhtwbY	#34 [C++]. Cấu Trúc Dữ Liệu Hàng Đợi Ưu Tiên | Priority_queue trong C++	17	3	20	True
A2_LIB_025	25	DSA	MQZ1TH0l7sk	#31 [C++]. Cấu Trúc Dữ Liệu Ngăn Xếp Ngôn Ngữ Lập Trình C++ | Cách Hoạt Động của CTDL Ngăn Xếp	7	1	8	True
A2_LIB_026	26	DSA	XUx3iJVPdxA	#35 [C++]. Kỹ Thuật Cửa Sổ Trượt | Sliding Window	9	2	11	True
A2_LIB_027	27	DSA	PPyw2vp6SIU	#36 [C++]. Kỹ thuật Hai Con Trỏ | Two Pointers Trong C++	6	6	12	True
A2_LIB_028	28	DSA	mdG5TEiJTx8	#46. [C++]. Danh Sách Liên Kết Đơn Ngôn Ngữ Lập Trình C++| Quản Lý Sinh Viên Bằng Danh Sách Liên Kết	3	1	4	True
A2_LIB_029	29	DSA	efpaZznImN4	#47 [C++]. Thuật Toán Quay Lui | Bài Toán N Quân Hậu Ngôn Ngữ Lập Trình C++	13	3	16	True
A2_LIB_030	30	DSA	pGa4PfLLHx8	[CTDL & GT]. Một Số Dạng Bài Về Sắp Xếp Và Tìm Kiếm - Tìm Kiếm Nhị Phân Kết Quả	0	2	2	False
A2_LIB_031	31	DSA	DMrd-RnLeJI	#23 [Lý thuyết đồ thị | Toán rời rạc]. Thuật toán Bellman-Ford - Tìm đường đi ngắn nhất trên đồ thị	8	1	9	True
A2_LIB_032	32	DSA	KXsfp8YiucE	[DSA]. The Count Islands problem and the Flood Fill algorithm.	0	5	5	False
A2_LIB_033	33	JavaScript	W8vJ-yOtSbE	Hiểu về Javascript Callback Functions | Callback Trong Javascript | Javascript Callback	25	2	27	True
A2_LIB_034	34	JavaScript	TsTr-tKCREc	What is HTML DOM? | JavaScript HTML DOM	0	3	3	False
A2_LIB_035	35	JavaScript	AA3WWZAMv_0	DOM events	50	1	51	True
A2_LIB_036	36	JavaScript	U624VLOxiTo	Event listener | add & removeEventListener	10	4	14	True
A2_LIB_037	37	JavaScript	Uph14HYkgEQ	JSON là gì? JSON được sử dụng như thế nào trong JavaScript?	1	1	2	True
A2_LIB_038	38	JavaScript	QJmNEqy0zV0	Promise (sync async) trong JavaScript | Khái niệm promise	4	2	6	True
A2_LIB_039	39	JavaScript	_4F8ihblZFU	Promise trong Javascript | Cách sử dụng Promise | JavaScript Promise	0	7	7	False
A2_LIB_040	40	JavaScript	9QeNLypIiZs	Arrow function in JavaScript ES6 | Arrow function concept	21	0	21	True
A2_LIB_041	41	JavaScript	J1m4vLDUhEI	Destructuring trong JavaScript ES6	7	3	10	True
A2_LIB_042	42	JavaScript	08lWi4T2Bfg	Module trong JavaScript ES6	2	1	3	True
A2_LIB_043	43	JavaScript	8KkM6JFjJZA	Fetch | Fetch Concept in JavaScript	30	1	31	True
A2_LIB_044	44	JavaScript	TRjVXmk8q8I	Add/edit/delete courses with Fetch and REST API	12	8	20	True
A2_LIB_045	45	JavaScript	vAecGPWxzFE	Code Music Player Xịn Xò Từ A-Z | Thực hành JavaScript | Code trình phát nhạc	3	1	4	True
A2_LIB_046	46	React Hooks	unFHsn0qSMA	React hooks - Giới thiệu tổng quát về hooks (2020)	4	4	8	True
A2_LIB_047	47	React Hooks	_D16z1kL0wo	React hooks: 02 - useState() and what you need to know 😊 (2020)	30	8	38	True
A2_LIB_048	48	React Hooks	zjUC_W7IOIc	React hooks: 06 - Những điều cần biết về useEffect hooks 🎉	23	2	25	True
A2_LIB_049	49	React Hooks	4a1_is2OdLY	React hooks: 07 - Calling APIs with useEffect hooks (2020) 🎉	17	2	19	True
A2_LIB_050	50	React Hooks	WF3pUtvC01M	React hooks: 09 - useEffect search có debounce 😍 (2020)	7	5	12	True
A2_LIB_051	51	React Hooks	QbC4LwsD1rw	React hooks: 10 - useEffect cleanup with clock code (2020)	0	0	0	False
A2_LIB_052	52	React Hooks	8Ee__cUapdg	React Hooks: 11 - Introduction to Custom Hooks (2020) 🚀	21	1	22	True
A2_LIB_053	53	React Hooks	EGVhrE6VuNM	React hooks: 14 - Introduction to Memoization and React.memo (2020) 🎉	6	3	9	True
A2_LIB_054	54	React Hooks	quS95gJdxsc	React hooks: 15 - So sánh useCallback và useMemo 😎 (2020)	16	1	17	True
A2_LIB_055	55	React Hooks	kp4fuB-0TBw	useRef hook: Get the previous value of the state 🎉	30	1	31	True
A2_LIB_056	56	Fullstack/SERN	Hfb76A34mBc	#15 Tại Sao Lại Là Node.JS - Những Điều Bạn Phải Biết Trước Khi Sử Dụng Platform Này.	9	1	10	True
A2_LIB_057	57	Fullstack/SERN	5Pb-z9DQjDw	#17.2 Bắt đầu với Express Framework - Viết Chương Trình Hello world với Node.js	2	1	3	True
A2_LIB_058	58	Fullstack/SERN	Tw8Vyz7dVgc	#18 Áp Dụng Mô Hình MVC vào Dự Án Node.JS	10	2	12	True
A2_LIB_059	59	Fullstack/SERN	B4sy3DL4IX0	#21 Kết Nối Tới MySQL Database với Sequelize - Render Dữ Liệu Ra View | Cấu hình cho Node.JS phần 3	12	4	16	True
A2_LIB_060	60	Fullstack/SERN	L3Z4KfyCZOI	#29 Concepts Cover - APIs, JSON, Object Javascript Là Gì ? Hướng Dẫn Cài Đặt Postman Để Test APIs	0	4	4	False
A2_LIB_061	61	Fullstack/SERN	AAAKXp2wa-0	#32 Explaining React.JS Project Structure | Things You Need to Know Before Following This Course	0	2	2	False
A2_LIB_062	62	Fullstack/SERN	rgSgSe1QUqU	#34 Using State and How to Handle Events OnClick, OnChange with React | React.JS for Beginners	9	2	11	True
A2_LIB_063	63	Fullstack/SERN	YqAU7T-BoDE	"#35  Viết APIs ""Chuẩn MEN"" với Node.js | Cách viết REST APIs cho Người Mới Bắt Đầu"	3	0	3	True
A2_LIB_064	64	Fullstack/SERN	PLY0jr90DmI	#36 Hoàn Thiện Chức Năng Đăng Nhập Kết Hợp React.Js Và Node.js | React Cho Người Mới Bắt Đầu	7	3	10	True
A2_LIB_065	65	Fullstack/SERN	pgZev-Y15EM	#37 CRUD với ReactJS Phần 1 - Viết API Lấy Tất Cả Thông Tin Người Dùng | React Cho Người Mới Bắt Đầu	37	1	38	True
A2_LIB_066	66	Fullstack/SERN	t_cedTldfjs	#68 Sequelize Relationship - Tìm Hiểu Quan Hệ Giữa Các Model & Database |React Cho Người Mới Bắt Đầu	9	6	15	True
A2_LIB_067	67	Fullstack/SERN	-cg9dq-Jq2M	INTRODUCING FULLSTACK JWT SERIES - React & Node.JS | Learn Fullstack Javascript with Ask IT People	0	1	1	False
A2_LIB_068	68	Fullstack/SERN	w946spjx_z0	Docker Practice 01 - Preparing Production Environment | Fullstack Course SERN clone Bookingcare	12	2	14	True
A2_LIB_069	69	Fullstack/SERN	L-Tzu2jT3Dw	Thực Hành Docker 04 - Build Backend Node.JS/MySQL với Docker Compose | Khóa Học Fullstack SERN	0	1	1	False
A2_LIB_070	70	Fullstack/SERN	wcQz4gSbSms	Docker Practice 08 - Nginx/React/Node.JS/MySQL with Docker Compose | SERN Fullstack Course	12	10	22	True
A2_LIB_071	71	Fullstack/SERN	WvAznEDhCdE	Cài Đặt Database Postgres với pgAdmin Tại môi trường Local	0	4	4	False
A2_LIB_072	72	Fullstack/SERN	NkulG9hH2LI	#105 [NEW] - Deploy app Node.JS với Render | Khóa Học SERN - SQL, Express, React & Node.js	13	1	14	True
A2_LIB_073	73	Fullstack/SERN	ncV0OEa9GoQ	#106 [NEW] - Deploy App React.JS với Vercel | Khóa Học SERN - SQL, Express, React & Node.js	5	1	6	True
A2_LIB_074	74	Node/Express	SdcdneSdoV4	HTTP protocol | Giao thức HTTP | Giao thức truyền tải siêu văn bản	6	3	9	True
A2_LIB_075	75	Node/Express	Wz6WghmEmFk	Basic Routing | Routing Techniques in Node.js	0	3	3	False
A2_LIB_076	76	Node/Express	LlfdqnK28Cg	POST method | POST method | HTTP protocol	30	5	35	True
A2_LIB_077	77	Node/Express	N8GhaR7K3tI	MVC model | MVC model	19	3	22	True
A2_LIB_078	78	Node/Express	Pd_ZIpCVZPc	MVC Routes & Controllers | Mô hình MVC	17	2	19	True
A2_LIB_079	79	Node/Express	nqLXmpEgU2w	[CRUD] Read from DB | Đọc Database | Xây dựng phần trang chủ	0	0	0	False
A2_LIB_080	80	Node/Express	dstdrBsf7ag	Soft delete | Kĩ thuật xóa mềm | Thực hành NodeJS	0	1	1	False
