PLncHg6Kn2JT5EVkhKoJmzOytHY39Mrf_o	Tự Học Java Core Từ A tới Z Dành cho Beginners | Hỏi Dân IT	01	7L0RLrfrBHE	[FULL] Khóa Học Java Cơ Bản Từ A tới Z cho Beginner | Học Java Từ Số 0 với Hỏi Dân IT	https://www.youtube.com/watch?v=7L0RLrfrBHE
PLncHg6Kn2JT5EVkhKoJmzOytHY39Mrf_o	Tự Học Java Core Từ A tới Z Dành cho Beginners | Hỏi Dân IT	02	xtWIuUwNGtQ	Introducing Java Core Course - Super Easy Self-Study Java for Beginners	https://www.youtube.com/watch?v=xtWIuUwNGtQ
PLncHg6Kn2JT5EVkhKoJmzOytHY39Mrf_o	Tự Học Java Core Từ A tới Z Dành cho Beginners | Hỏi Dân IT	03	7JWk10sr45A	Lab 01: Làm quen với ngôn ngữ Java | Khóa Học Java Cơ Bản Từ A tới Z cho Beginner	https://www.youtube.com/watch?v=7JWk10sr45A
PLncHg6Kn2JT5EVkhKoJmzOytHY39Mrf_o	Tự Học Java Core Từ A tới Z Dành cho Beginners | Hỏi Dân IT	04	mVhIVvJ2d1A	Lab 02: Thực hành câu điều kiện với Java | Khóa Học Java Cơ Bản Từ A tới Z cho Beginner	https://www.youtube.com/watch?v=mVhIVvJ2d1A
PLncHg6Kn2JT5EVkhKoJmzOytHY39Mrf_o	Tự Học Java Core Từ A tới Z Dành cho Beginners | Hỏi Dân IT	05	Ci6mhcHQKw4	Lab 03: Practice using loops with Java | Basic Java Course From A to Z for Beginners	https://www.youtube.com/watch?v=Ci6mhcHQKw4
PLncHg6Kn2JT5EVkhKoJmzOytHY39Mrf_o	Tự Học Java Core Từ A tới Z Dành cho Beginners | Hỏi Dân IT	06	zxQTuFW5tmI	Lab 04: Sử dụng OOP (Lập Trình Hướng Đối Tượng)| Khóa Học Java Cơ Bản Từ A tới Z cho Beginner	https://www.youtube.com/watch?v=zxQTuFW5tmI
PLncHg6Kn2JT5EVkhKoJmzOytHY39Mrf_o	Tự Học Java Core Từ A tới Z Dành cho Beginners | Hỏi Dân IT	07	dKv8EfUc220	Lab 05 : Java ArrayList | Khóa Học Java Cơ Bản Từ A tới Z cho Beginner	https://www.youtube.com/watch?v=dKv8EfUc220
PLncHg6Kn2JT5EVkhKoJmzOytHY39Mrf_o	Tự Học Java Core Từ A tới Z Dành cho Beginners | Hỏi Dân IT	08	sw7mZXm6ioY	Lab 06: Java String | Khóa Học Java Cơ Bản Từ A tới Z cho Beginner	https://www.youtube.com/watch?v=sw7mZXm6ioY
PLncHg6Kn2JT5EVkhKoJmzOytHY39Mrf_o	Tự Học Java Core Từ A tới Z Dành cho Beginners | Hỏi Dân IT	09	-v-TgizMsSY	Lab 07: Java Inheritance (Parent/Child Inheritance) | Basic Java Course From A to Z for Beginners	https://www.youtube.com/watch?v=-v-TgizMsSY
PLncHg6Kn2JT5EVkhKoJmzOytHY39Mrf_o	Tự Học Java Core Từ A tới Z Dành cho Beginners | Hỏi Dân IT	10	bNg4AIoKPgA	Lab 08: Java Interface | Khóa Học Java Cơ Bản Từ A tới Z cho Beginner	https://www.youtube.com/watch?v=bNg4AIoKPgA
PLncHg6Kn2JT5EVkhKoJmzOytHY39Mrf_o	Tự Học Java Core Từ A tới Z Dành cho Beginners | Hỏi Dân IT	11	uoZ6YnPLL8Q	Lab 09: Exception (Ngoại lệ)| Khóa Học Java Cơ Bản Từ A tới Z cho Beginner	https://www.youtube.com/watch?v=uoZ6YnPLL8Q
PLncHg6Kn2JT5EVkhKoJmzOytHY39Mrf_o	Tự Học Java Core Từ A tới Z Dành cho Beginners | Hỏi Dân IT	12	4Jbb4owVAiI	Lab 10: Xử lý Input/Output với Java | Khóa Học Java Cơ Bản Từ A tới Z cho Beginner	https://www.youtube.com/watch?v=4Jbb4owVAiI
PLncHg6Kn2JT5EVkhKoJmzOytHY39Mrf_o	Tự Học Java Core Từ A tới Z Dành cho Beginners | Hỏi Dân IT	13	xzTQPeUJz40	Lab 11: Xử lý Đa luồng với Java | Khóa Học Java Cơ Bản Từ A tới Z cho Beginner	https://www.youtube.com/watch?v=xzTQPeUJz40
PLncHg6Kn2JT5EVkhKoJmzOytHY39Mrf_o	Tự Học Java Core Từ A tới Z Dành cho Beginners | Hỏi Dân IT	14	ZplRX4di6Fg	#0 Demo Kết Quả Đạt Được - Java Core | Khóa Học Java Cơ Bản Từ A tới Z cho Beginner	https://www.youtube.com/watch?v=ZplRX4di6Fg
PLncHg6Kn2JT5EVkhKoJmzOytHY39Mrf_o	Tự Học Java Core Từ A tới Z Dành cho Beginners | Hỏi Dân IT	15	syo6oncqRt8	#1. What is Java? | Basic Java Course From A to Z for Beginners	https://www.youtube.com/watch?v=syo6oncqRt8
PLncHg6Kn2JT5EVkhKoJmzOytHY39Mrf_o	Tự Học Java Core Từ A tới Z Dành cho Beginners | Hỏi Dân IT	16	HXqceeN9X74	#2. Setup Java | Khóa Học Java Cơ Bản Từ A tới Z cho Beginner	https://www.youtube.com/watch?v=HXqceeN9X74
PLncHg6Kn2JT5EVkhKoJmzOytHY39Mrf_o	Tự Học Java Core Từ A tới Z Dành cho Beginners | Hỏi Dân IT	17	-Wa0K55Tc2E	#3. Hello world with Java | Khóa Học Java Cơ Bản Từ A tới Z cho Beginner	https://www.youtube.com/watch?v=-Wa0K55Tc2E
PLncHg6Kn2JT5EVkhKoJmzOytHY39Mrf_o	Tự Học Java Core Từ A tới Z Dành cho Beginners | Hỏi Dân IT	18	_tTYjsuiz-0	#4. Setup Spring Tool Suite for Java Coding | Basic Java Course from A to Z for Beginners	https://www.youtube.com/watch?v=_tTYjsuiz-0
PLncHg6Kn2JT5EVkhKoJmzOytHY39Mrf_o	Tự Học Java Core Từ A tới Z Dành cho Beginners | Hỏi Dân IT	19	AkhPDT0VIeM	#5. Variables | Java Programming Course for Beginners from A to Z	https://www.youtube.com/watch?v=AkhPDT0VIeM
PLncHg6Kn2JT5EVkhKoJmzOytHY39Mrf_o	Tự Học Java Core Từ A tới Z Dành cho Beginners | Hỏi Dân IT	20	LhfeeQ87Jqo	#6. Các hàm xuất ra màn hình | Khóa Học Java Cơ Bản Từ A tới Z cho Beginner	https://www.youtube.com/watch?v=LhfeeQ87Jqo
PLncHg6Kn2JT5EVkhKoJmzOytHY39Mrf_o	Tự Học Java Core Từ A tới Z Dành cho Beginners | Hỏi Dân IT	21	XjXOU_fxzXs	#7. Math Functions | Java Programming Course for Beginners from A to Z	https://www.youtube.com/watch?v=XjXOU_fxzXs
PLncHg6Kn2JT5EVkhKoJmzOytHY39Mrf_o	Tự Học Java Core Từ A tới Z Dành cho Beginners | Hỏi Dân IT	22	ruuAGUI7dWU	#8. Bài tập Lab 01 | Khóa Học Java Cơ Bản Từ A tới Z cho Beginner	https://www.youtube.com/watch?v=ruuAGUI7dWU
PLncHg6Kn2JT5EVkhKoJmzOytHY39Mrf_o	Tự Học Java Core Từ A tới Z Dành cho Beginners | Hỏi Dân IT	23	KmTZD7h6qUM	#9. Chữa bài tập Lab 01 | Khóa Học Java Cơ Bản Từ A tới Z cho Beginner	https://www.youtube.com/watch?v=KmTZD7h6qUM
PLncHg6Kn2JT5EVkhKoJmzOytHY39Mrf_o	Tự Học Java Core Từ A tới Z Dành cho Beginners | Hỏi Dân IT	24	UVHlHN5Ky7I	#10. Java Data Types (Kiểu dữ liệu) | Khóa Học Java Cơ Bản Từ A tới Z cho Beginner	https://www.youtube.com/watch?v=UVHlHN5Ky7I
PLncHg6Kn2JT5EVkhKoJmzOytHY39Mrf_o	Tự Học Java Core Từ A tới Z Dành cho Beginners | Hỏi Dân IT	25	EJoh6g9bnHg	#11. Java Operators | Java Basics Course From A to Z for Beginners	https://www.youtube.com/watch?v=EJoh6g9bnHg
PLncHg6Kn2JT5EVkhKoJmzOytHY39Mrf_o	Tự Học Java Core Từ A tới Z Dành cho Beginners | Hỏi Dân IT	26	8RO1f4jAmCk	#12. Java If...Else | Basic Java Course from A to Z for Beginners	https://www.youtube.com/watch?v=8RO1f4jAmCk
PLncHg6Kn2JT5EVkhKoJmzOytHY39Mrf_o	Tự Học Java Core Từ A tới Z Dành cho Beginners | Hỏi Dân IT	27	OyPN3iR_kUY	#13. Java Switch | Khóa Học Java Cơ Bản Từ A tới Z cho Beginner	https://www.youtube.com/watch?v=OyPN3iR_kUY
PLncHg6Kn2JT5EVkhKoJmzOytHY39Mrf_o	Tự Học Java Core Từ A tới Z Dành cho Beginners | Hỏi Dân IT	28	nDZbun3aS0g	#14. Lab Exercise 02 | Basic Java Course From A to Z for Beginners	https://www.youtube.com/watch?v=nDZbun3aS0g
PLncHg6Kn2JT5EVkhKoJmzOytHY39Mrf_o	Tự Học Java Core Từ A tới Z Dành cho Beginners | Hỏi Dân IT	29	QY9OqKYPdhM	#15.1 Lab 02 Exercise Solutions (Part 1) | Basic Java Course from A to Z for Beginners	https://www.youtube.com/watch?v=QY9OqKYPdhM
PLncHg6Kn2JT5EVkhKoJmzOytHY39Mrf_o	Tự Học Java Core Từ A tới Z Dành cho Beginners | Hỏi Dân IT	30	_lVod7o4DDU	#15.2 Lab 02 Exercises Solution (Part 2) | Basic Java Course From A to Z for Beginners	https://www.youtube.com/watch?v=_lVod7o4DDU
PLncHg6Kn2JT5EVkhKoJmzOytHY39Mrf_o	Tự Học Java Core Từ A tới Z Dành cho Beginners | Hỏi Dân IT	31	6AWG5AXWCzg	#16. Loops | Java Basic Course From A to Z for Beginners	https://www.youtube.com/watch?v=6AWG5AXWCzg
PLncHg6Kn2JT5EVkhKoJmzOytHY39Mrf_o	Tự Học Java Core Từ A tới Z Dành cho Beginners | Hỏi Dân IT	32	xzbF3XpiHlo	#17. Array Java | Khóa Học Java Cơ Bản Từ A tới Z cho Beginner	https://www.youtube.com/watch?v=xzbF3XpiHlo
PLncHg6Kn2JT5EVkhKoJmzOytHY39Mrf_o	Tự Học Java Core Từ A tới Z Dành cho Beginners | Hỏi Dân IT	33	HVAAARVNQBo	#18. Array and For Loop Practice | Basic Java Course from A to Z for Beginners	https://www.youtube.com/watch?v=HVAAARVNQBo
PLncHg6Kn2JT5EVkhKoJmzOytHY39Mrf_o	Tự Học Java Core Từ A tới Z Dành cho Beginners | Hỏi Dân IT	34	PIszxs12TiQ	#19. Lab Exercises 03 | Basic Java Course from A to Z for Beginners	https://www.youtube.com/watch?v=PIszxs12TiQ
PLncHg6Kn2JT5EVkhKoJmzOytHY39Mrf_o	Tự Học Java Core Từ A tới Z Dành cho Beginners | Hỏi Dân IT	35	9KXeQvRzRUc	#20. Solving Lab 03 Exercises | Java Basic Course from A to Z for Beginners	https://www.youtube.com/watch?v=9KXeQvRzRUc
PLncHg6Kn2JT5EVkhKoJmzOytHY39Mrf_o	Tự Học Java Core Từ A tới Z Dành cho Beginners | Hỏi Dân IT	36	wO4oDe-hEKo	#21. What is Object-Oriented Programming (OOP)? | Java Basics A-Z Course for Beginners	https://www.youtube.com/watch?v=wO4oDe-hEKo
PLncHg6Kn2JT5EVkhKoJmzOytHY39Mrf_o	Tự Học Java Core Từ A tới Z Dành cho Beginners | Hỏi Dân IT	37	PaOJlKbwiX0	#22. Concepts of Class and Object | Java Basics Course From A to Z for Beginners	https://www.youtube.com/watch?v=PaOJlKbwiX0
PLncHg6Kn2JT5EVkhKoJmzOytHY39Mrf_o	Tự Học Java Core Từ A tới Z Dành cho Beginners | Hỏi Dân IT	38	xYeD3zxH_tc	#23. Practicing Class/Object Creation | Basic Java Course From A to Z for Beginners	https://www.youtube.com/watch?v=xYeD3zxH_tc
PLncHg6Kn2JT5EVkhKoJmzOytHY39Mrf_o	Tự Học Java Core Từ A tới Z Dành cho Beginners | Hỏi Dân IT	39	ZxibV3JKIjw	#24. Class Attributes | Java Basic Course from A to Z for Beginners	https://www.youtube.com/watch?v=ZxibV3JKIjw
PLncHg6Kn2JT5EVkhKoJmzOytHY39Mrf_o	Tự Học Java Core Từ A tới Z Dành cho Beginners | Hỏi Dân IT	40	J19nSnURweo	#25. Class Methods | Java Programming Course from A to Z for Beginners	https://www.youtube.com/watch?v=J19nSnURweo
PLncHg6Kn2JT5EVkhKoJmzOytHY39Mrf_o	Tự Học Java Core Từ A tới Z Dành cho Beginners | Hỏi Dân IT	41	tmKzNlHXmR0	#26. Defining a Constructor | Basic Java Course from A to Z for Beginners	https://www.youtube.com/watch?v=tmKzNlHXmR0
PLncHg6Kn2JT5EVkhKoJmzOytHY39Mrf_o	Tự Học Java Core Từ A tới Z Dành cho Beginners | Hỏi Dân IT	42	YyMOnvkhXLU	#27. Access Modifier (private/public/protected) | Khóa Học Java Cơ Bản Từ A tới Z cho Beginner	https://www.youtube.com/watch?v=YyMOnvkhXLU
PLncHg6Kn2JT5EVkhKoJmzOytHY39Mrf_o	Tự Học Java Core Từ A tới Z Dành cho Beginners | Hỏi Dân IT	43	teQ5QZ2lUkE	#28. Encapsulation Java | Basic Java Course From A to Z for Beginners	https://www.youtube.com/watch?v=teQ5QZ2lUkE
PLncHg6Kn2JT5EVkhKoJmzOytHY39Mrf_o	Tự Học Java Core Từ A tới Z Dành cho Beginners | Hỏi Dân IT	44	DNXkw8x9ZqE	#29. Bài tập Lab 04 | Khóa Học Java Cơ Bản Từ A tới Z cho Beginner	https://www.youtube.com/watch?v=DNXkw8x9ZqE
PLncHg6Kn2JT5EVkhKoJmzOytHY39Mrf_o	Tự Học Java Core Từ A tới Z Dành cho Beginners | Hỏi Dân IT	45	YHvaMiGzpgM	#30. Chữa bài tập Lab 04 | Khóa Học Java Cơ Bản Từ A tới Z cho Beginner	https://www.youtube.com/watch?v=YHvaMiGzpgM
PLncHg6Kn2JT5EVkhKoJmzOytHY39Mrf_o	Tự Học Java Core Từ A tới Z Dành cho Beginners | Hỏi Dân IT	46	oBDERMzVQUI	#31. Non-primitive(reference) data type | Basic Java Course From A to Z for Beginners	https://www.youtube.com/watch?v=oBDERMzVQUI
PLncHg6Kn2JT5EVkhKoJmzOytHY39Mrf_o	Tự Học Java Core Từ A tới Z Dành cho Beginners | Hỏi Dân IT	47	WCJq8JQRMNI	#32. Java Autoboxing/Unboxing (Object wrapper class) | Khóa Học Java Cơ Bản Từ A tới Z cho Beginner	https://www.youtube.com/watch?v=WCJq8JQRMNI
PLncHg6Kn2JT5EVkhKoJmzOytHY39Mrf_o	Tự Học Java Core Từ A tới Z Dành cho Beginners | Hỏi Dân IT	48	LykA5UTyrMs	#33. What is an ArrayList? | Java Fundamentals Course From A to Z for Beginners	https://www.youtube.com/watch?v=LykA5UTyrMs
PLncHg6Kn2JT5EVkhKoJmzOytHY39Mrf_o	Tự Học Java Core Từ A tới Z Dành cho Beginners | Hỏi Dân IT	49	IhnwAcrBRTs	#34. Java Generics (Basic) | Java Programming Course from A to Z for Beginners	https://www.youtube.com/watch?v=IhnwAcrBRTs
PLncHg6Kn2JT5EVkhKoJmzOytHY39Mrf_o	Tự Học Java Core Từ A tới Z Dành cho Beginners | Hỏi Dân IT	50	OpkDTvNyrAc	#35. Bài tập Lab 05 | Khóa Học Java Cơ Bản Từ A tới Z cho Beginner	https://www.youtube.com/watch?v=OpkDTvNyrAc
PLncHg6Kn2JT5EVkhKoJmzOytHY39Mrf_o	Tự Học Java Core Từ A tới Z Dành cho Beginners | Hỏi Dân IT	51	M2jLBdTfveo	#36. Lab 05 Exercise Solutions | Java Fundamentals A-to-Z Course for Beginners	https://www.youtube.com/watch?v=M2jLBdTfveo
PLncHg6Kn2JT5EVkhKoJmzOytHY39Mrf_o	Tự Học Java Core Từ A tới Z Dành cho Beginners | Hỏi Dân IT	52	VEzA5G7_GJI	#37. String | Java Programming Basics Course From A to Z for Beginners	https://www.youtube.com/watch?v=VEzA5G7_GJI
PLncHg6Kn2JT5EVkhKoJmzOytHY39Mrf_o	Tự Học Java Core Từ A tới Z Dành cho Beginners | Hỏi Dân IT	53	tDI9QrhqYr0	#38. Bài tập sử dụng String | Khóa Học Java Cơ Bản Từ A tới Z cho Beginner	https://www.youtube.com/watch?v=tDI9QrhqYr0
PLncHg6Kn2JT5EVkhKoJmzOytHY39Mrf_o	Tự Học Java Core Từ A tới Z Dành cho Beginners | Hỏi Dân IT	54	jk82QXsgk_E	#39. Regular Expression | Java Basics Course From A to Z for Beginners	https://www.youtube.com/watch?v=jk82QXsgk_E
PLncHg6Kn2JT5EVkhKoJmzOytHY39Mrf_o	Tự Học Java Core Từ A tới Z Dành cho Beginners | Hỏi Dân IT	55	m_I4fit7IyU	#40.1 Regular Expression Exercises (Part 1) | Basic Java Course from A to Z for Beginners	https://www.youtube.com/watch?v=m_I4fit7IyU
PLncHg6Kn2JT5EVkhKoJmzOytHY39Mrf_o	Tự Học Java Core Từ A tới Z Dành cho Beginners | Hỏi Dân IT	56	YAemZjdO9fo	#40.2 Regular Expression Exercises (Part 2) | Java Basic Course From A to Z for Beginners	https://www.youtube.com/watch?v=YAemZjdO9fo
PLncHg6Kn2JT5EVkhKoJmzOytHY39Mrf_o	Tự Học Java Core Từ A tới Z Dành cho Beginners | Hỏi Dân IT	57	pXzRhD4Vu2s	#41. Java Inheritance - Kế Thừa | Khóa Học Java Cơ Bản Từ A tới Z cho Beginner	https://www.youtube.com/watch?v=pXzRhD4Vu2s
PLncHg6Kn2JT5EVkhKoJmzOytHY39Mrf_o	Tự Học Java Core Từ A tới Z Dành cho Beginners | Hỏi Dân IT	58	Xpa9YreeNa4	#42.1 Super Keyword trong Java - Part 1 | Khóa Học Java Cơ Bản Từ A tới Z cho Beginner	https://www.youtube.com/watch?v=Xpa9YreeNa4
PLncHg6Kn2JT5EVkhKoJmzOytHY39Mrf_o	Tự Học Java Core Từ A tới Z Dành cho Beginners | Hỏi Dân IT	59	Lns-UeW0aEw	#42.2 Super Keyword in Java - Part 2 | Java Fundamentals Course from A to Z for Beginners	https://www.youtube.com/watch?v=Lns-UeW0aEw
PLncHg6Kn2JT5EVkhKoJmzOytHY39Mrf_o	Tự Học Java Core Từ A tới Z Dành cho Beginners | Hỏi Dân IT	60	yMRSXK9dfp8	#43. Abstract Class (Basic) | Khóa Học Java Cơ Bản Từ A tới Z cho Beginner	https://www.youtube.com/watch?v=yMRSXK9dfp8
PLncHg6Kn2JT5EVkhKoJmzOytHY39Mrf_o	Tự Học Java Core Từ A tới Z Dành cho Beginners | Hỏi Dân IT	61	vIob6cVNufw	#44. Java Polymorphism | Java Basic Course from A to Z for Beginners	https://www.youtube.com/watch?v=vIob6cVNufw
PLncHg6Kn2JT5EVkhKoJmzOytHY39Mrf_o	Tự Học Java Core Từ A tới Z Dành cho Beginners | Hỏi Dân IT	62	75kImaj3WSw	#45. Bài tập Lab 07 | Khóa Học Java Cơ Bản Từ A tới Z cho Beginner	https://www.youtube.com/watch?v=75kImaj3WSw
PLncHg6Kn2JT5EVkhKoJmzOytHY39Mrf_o	Tự Học Java Core Từ A tới Z Dành cho Beginners | Hỏi Dân IT	63	eg22TRP8eDU	#46. Chữa bài tập Lab 07 | Khóa Học Java Cơ Bản Từ A tới Z cho Beginner	https://www.youtube.com/watch?v=eg22TRP8eDU
PLncHg6Kn2JT5EVkhKoJmzOytHY39Mrf_o	Tự Học Java Core Từ A tới Z Dành cho Beginners | Hỏi Dân IT	64	eRj_XQawcBg	#47. Interface Trong Java | Khóa Học Java Cơ Bản Từ A tới Z cho Beginner	https://www.youtube.com/watch?v=eRj_XQawcBg
PLncHg6Kn2JT5EVkhKoJmzOytHY39Mrf_o	Tự Học Java Core Từ A tới Z Dành cho Beginners | Hỏi Dân IT	65	rjH9ySvznlM	#48. Interface với Java 8 | Khóa Học Java Cơ Bản Từ A tới Z cho Beginner	https://www.youtube.com/watch?v=rjH9ySvznlM
PLncHg6Kn2JT5EVkhKoJmzOytHY39Mrf_o	Tự Học Java Core Từ A tới Z Dành cho Beginners | Hỏi Dân IT	66	WvqM13meWr8	#49. Java Package | Khóa Học Java Cơ Bản Từ A tới Z cho Beginner	https://www.youtube.com/watch?v=WvqM13meWr8
PLncHg6Kn2JT5EVkhKoJmzOytHY39Mrf_o	Tự Học Java Core Từ A tới Z Dành cho Beginners | Hỏi Dân IT	67	1cK2zcrH6m8	#50. Bài tập Lab 08 | Khóa Học Java Cơ Bản Từ A tới Z cho Beginner	https://www.youtube.com/watch?v=1cK2zcrH6m8
PLncHg6Kn2JT5EVkhKoJmzOytHY39Mrf_o	Tự Học Java Core Từ A tới Z Dành cho Beginners | Hỏi Dân IT	68	_SfhfO3qKa4	#51. Lab 08 Solution | Basic Java Course from A to Z for Beginners	https://www.youtube.com/watch?v=_SfhfO3qKa4
PLncHg6Kn2JT5EVkhKoJmzOytHY39Mrf_o	Tự Học Java Core Từ A tới Z Dành cho Beginners | Hỏi Dân IT	69	xN_DF0FRx7A	#52. Try...Catch Xử Lý Exception | Khóa Học Java Cơ Bản Từ A tới Z cho Beginner	https://www.youtube.com/watch?v=xN_DF0FRx7A
PLncHg6Kn2JT5EVkhKoJmzOytHY39Mrf_o	Tự Học Java Core Từ A tới Z Dành cho Beginners | Hỏi Dân IT	70	0luy4mRiMyY	#53. Keyword Finally | Khóa Học Java Cơ Bản Từ A tới Z cho Beginner	https://www.youtube.com/watch?v=0luy4mRiMyY
PLncHg6Kn2JT5EVkhKoJmzOytHY39Mrf_o	Tự Học Java Core Từ A tới Z Dành cho Beginners | Hỏi Dân IT	71	MI8HCOGGqGg	#54. Throws and Throw Keywords | Java Programming Course for Beginners from A to Z	https://www.youtube.com/watch?v=MI8HCOGGqGg
PLncHg6Kn2JT5EVkhKoJmzOytHY39Mrf_o	Tự Học Java Core Từ A tới Z Dành cho Beginners | Hỏi Dân IT	72	t62_JDQFkmI	#55. Bài tập Lab 09 | Khóa Học Java Cơ Bản Từ A tới Z cho Beginner	https://www.youtube.com/watch?v=t62_JDQFkmI
PLncHg6Kn2JT5EVkhKoJmzOytHY39Mrf_o	Tự Học Java Core Từ A tới Z Dành cho Beginners | Hỏi Dân IT	73	0y1QxniGXIM	#56. Solving Lab 09 Exercises | Basic Java Course from A to Z for Beginners	https://www.youtube.com/watch?v=0y1QxniGXIM
PLncHg6Kn2JT5EVkhKoJmzOytHY39Mrf_o	Tự Học Java Core Từ A tới Z Dành cho Beginners | Hỏi Dân IT	74	UfXnEVpJglg	#57. Overview of Java IO (Stream) | Java Basics Course From A to Z for Beginners	https://www.youtube.com/watch?v=UfXnEVpJglg
PLncHg6Kn2JT5EVkhKoJmzOytHY39Mrf_o	Tự Học Java Core Từ A tới Z Dành cho Beginners | Hỏi Dân IT	75	RaVWqwkK1vY	#58. Stream Classification with Java IO | Java Basic Course From A to Z for Beginners	https://www.youtube.com/watch?v=RaVWqwkK1vY
PLncHg6Kn2JT5EVkhKoJmzOytHY39Mrf_o	Tự Học Java Core Từ A tới Z Dành cho Beginners | Hỏi Dân IT	76	GgAsaNcxdwY	#59. Example of Read/Write File with Java | Basic Java Course From A to Z for Beginners	https://www.youtube.com/watch?v=GgAsaNcxdwY
PLncHg6Kn2JT5EVkhKoJmzOytHY39Mrf_o	Tự Học Java Core Từ A tới Z Dành cho Beginners | Hỏi Dân IT	77	cOVud_vi1ms	#60. Path Class in Java | Basic Java Course from A to Z for Beginners	https://www.youtube.com/watch?v=cOVud_vi1ms
PLncHg6Kn2JT5EVkhKoJmzOytHY39Mrf_o	Tự Học Java Core Từ A tới Z Dành cho Beginners | Hỏi Dân IT	78	9M0UjGVZaDY	#61. Processes and Threads | Khóa Học Java Cơ Bản Từ A tới Z cho Beginner	https://www.youtube.com/watch?v=9M0UjGVZaDY
PLncHg6Kn2JT5EVkhKoJmzOytHY39Mrf_o	Tự Học Java Core Từ A tới Z Dành cho Beginners | Hỏi Dân IT	79	WhKzTzadggg	#62. Thread Objects | Basic Java Course from A to Z for Beginners	https://www.youtube.com/watch?v=WhKzTzadggg
PLncHg6Kn2JT5EVkhKoJmzOytHY39Mrf_o	Tự Học Java Core Từ A tới Z Dành cho Beginners | Hỏi Dân IT	80	GEboH-oMs4E	#63. What's Next? Recap of Everything We've Learned | Java Basics A-Z Course for Beginners	https://www.youtube.com/watch?v=GEboH-oMs4E
PLncHg6Kn2JT5EVkhKoJmzOytHY39Mrf_o	Tự Học Java Core Từ A tới Z Dành cho Beginners | Hỏi Dân IT	81	pV45eVVcuYc	[FULL] Chia Sẻ Lộ Trình Tự Học Java Spring - Spring Boot Từ Số 0 Dành Cho Người Mới Bắt Đầu	https://www.youtube.com/watch?v=pV45eVVcuYc
PLncHg6Kn2JT5EVkhKoJmzOytHY39Mrf_o	Tự Học Java Core Từ A tới Z Dành cho Beginners | Hỏi Dân IT	82	V6LA6MlTHs0	#0 GIỚI THIỆU KHÓA HỌC JAVA SPRING MVC - DEMO SẢN PHẨM ĐẠT ĐƯỢC SAU KHI KẾT THÚC KHÓA HỌC	https://www.youtube.com/watch?v=V6LA6MlTHs0
PLux-_phi0Rz0nsE6QikvCgve8afhistvU	CẤU TRÚC DỮ LIỆU VÀ GIẢI THUẬT	01	ZEJ6MKuUZds	[CTDL & GT]. Buổi 1. Vector, Iterator, Pair, Set Trong C++	https://www.youtube.com/watch?v=ZEJ6MKuUZds
PLux-_phi0Rz0nsE6QikvCgve8afhistvU	CẤU TRÚC DỮ LIỆU VÀ GIẢI THUẬT	02	Pju2Y69Q6ew	[CTDL & GT]. Buổi 2. Hàm sort, binary_search, lower_bound, upper_bound	https://www.youtube.com/watch?v=Pju2Y69Q6ew
PLux-_phi0Rz0nsE6QikvCgve8afhistvU	CẤU TRÚC DỮ LIỆU VÀ GIẢI THUẬT	03	0_4s88NLOmw	[CTDL & GT]. Buổi 3. String Và Các Dạng Bài Tập Xử Lý Xâu Thường Gặp	https://www.youtube.com/watch?v=0_4s88NLOmw
PLux-_phi0Rz0nsE6QikvCgve8afhistvU	CẤU TRÚC DỮ LIỆU VÀ GIẢI THUẬT	04	sdosjI25u5c	[CTDL & GT]. Buổi 4. Mảng Cộng Dồn, Mảng Hiệu, Kỹ Thuật Loang Trên Mảng 2 Chiều	https://www.youtube.com/watch?v=sdosjI25u5c
PLux-_phi0Rz0nsE6QikvCgve8afhistvU	CẤU TRÚC DỮ LIỆU VÀ GIẢI THUẬT	05	OEtmPRXhEwA	#30 [C++]. Hướng Dẫn Giải Bài Tập Thuật Toán Sinh Kế Tiếp	https://www.youtube.com/watch?v=OEtmPRXhEwA
PLux-_phi0Rz0nsE6QikvCgve8afhistvU	CẤU TRÚC DỮ LIỆU VÀ GIẢI THUẬT	06	MoD_cqJ9s6g	#33 [C++]. Double-Ended Queue Data Structure | Deque In C++	https://www.youtube.com/watch?v=MoD_cqJ9s6g
PLux-_phi0Rz0nsE6QikvCgve8afhistvU	CẤU TRÚC DỮ LIỆU VÀ GIẢI THUẬT	07	DRcAJNhtwbY	#34 [C++]. Cấu Trúc Dữ Liệu Hàng Đợi Ưu Tiên | Priority_queue trong C++	https://www.youtube.com/watch?v=DRcAJNhtwbY
PLux-_phi0Rz0nsE6QikvCgve8afhistvU	CẤU TRÚC DỮ LIỆU VÀ GIẢI THUẬT	08	MQZ1TH0l7sk	#31 [C++]. Cấu Trúc Dữ Liệu Ngăn Xếp Ngôn Ngữ Lập Trình C++ | Cách Hoạt Động của CTDL Ngăn Xếp	https://www.youtube.com/watch?v=MQZ1TH0l7sk
PLux-_phi0Rz0nsE6QikvCgve8afhistvU	CẤU TRÚC DỮ LIỆU VÀ GIẢI THUẬT	09	gYG70ULXbW4	#32 [C++]. Queue Data Structures in C++ | How Queues Work	https://www.youtube.com/watch?v=gYG70ULXbW4
PLux-_phi0Rz0nsE6QikvCgve8afhistvU	CẤU TRÚC DỮ LIỆU VÀ GIẢI THUẬT	10	XUx3iJVPdxA	#35 [C++]. Kỹ Thuật Cửa Sổ Trượt | Sliding Window	https://www.youtube.com/watch?v=XUx3iJVPdxA
PLux-_phi0Rz0nsE6QikvCgve8afhistvU	CẤU TRÚC DỮ LIỆU VÀ GIẢI THUẬT	11	PPyw2vp6SIU	#36 [C++]. Kỹ thuật Hai Con Trỏ | Two Pointers Trong C++	https://www.youtube.com/watch?v=PPyw2vp6SIU
PLux-_phi0Rz0nsE6QikvCgve8afhistvU	CẤU TRÚC DỮ LIỆU VÀ GIẢI THUẬT	12	mdG5TEiJTx8	#46. [C++]. Danh Sách Liên Kết Đơn Ngôn Ngữ Lập Trình C++| Quản Lý Sinh Viên Bằng Danh Sách Liên Kết	https://www.youtube.com/watch?v=mdG5TEiJTx8
PLux-_phi0Rz0nsE6QikvCgve8afhistvU	CẤU TRÚC DỮ LIỆU VÀ GIẢI THUẬT	13	efpaZznImN4	#47 [C++]. Thuật Toán Quay Lui | Bài Toán N Quân Hậu Ngôn Ngữ Lập Trình C++	https://www.youtube.com/watch?v=efpaZznImN4
PLux-_phi0Rz0nsE6QikvCgve8afhistvU	CẤU TRÚC DỮ LIỆU VÀ GIẢI THUẬT	14	pIsOTB43pXc	Bài Toán Người Du Lịch | Thuật Toán Quay Lui Nhánh Cận	https://www.youtube.com/watch?v=pIsOTB43pXc
PLux-_phi0Rz0nsE6QikvCgve8afhistvU	CẤU TRÚC DỮ LIỆU VÀ GIẢI THUẬT	15	27zXJOmns1M	[CTDL & GT]. Cây Phân Đoạn - Segment Tree	https://www.youtube.com/watch?v=27zXJOmns1M
PLux-_phi0Rz0nsE6QikvCgve8afhistvU	CẤU TRÚC DỮ LIỆU VÀ GIẢI THUẬT	16	LEy9NdrlEGo	[CTDL & GT]. Binary Index Tree - Fenwick Tree	https://www.youtube.com/watch?v=LEy9NdrlEGo
PLux-_phi0Rz0nsE6QikvCgve8afhistvU	CẤU TRÚC DỮ LIỆU VÀ GIẢI THUẬT	17	pGa4PfLLHx8	[CTDL & GT]. Một Số Dạng Bài Về Sắp Xếp Và Tìm Kiếm - Tìm Kiếm Nhị Phân Kết Quả	https://www.youtube.com/watch?v=pGa4PfLLHx8
PLux-_phi0Rz0nsE6QikvCgve8afhistvU	CẤU TRÚC DỮ LIỆU VÀ GIẢI THUẬT	18	hzIhgbz9Em8	#49 [C++]. Thuật Toán Quay Lui Và Bài Tập Áp Dụng (Update 2025)	https://www.youtube.com/watch?v=hzIhgbz9Em8
PLux-_phi0Rz0nsE6QikvCgve8afhistvU	CẤU TRÚC DỮ LIỆU VÀ GIẢI THUẬT	19	DMrd-RnLeJI	#23 [Lý thuyết đồ thị | Toán rời rạc]. Thuật toán Bellman-Ford - Tìm đường đi ngắn nhất trên đồ thị	https://www.youtube.com/watch?v=DMrd-RnLeJI
PLux-_phi0Rz0nsE6QikvCgve8afhistvU	CẤU TRÚC DỮ LIỆU VÀ GIẢI THUẬT	20	X6WbHLIY1SQ	[C++]. Danh Sách Liên Kết Đơn (Update 2026)	https://www.youtube.com/watch?v=X6WbHLIY1SQ
PLux-_phi0Rz0nsE6QikvCgve8afhistvU	CẤU TRÚC DỮ LIỆU VÀ GIẢI THUẬT	21	KXsfp8YiucE	[DSA]. The Count Islands problem and the Flood Fill algorithm.	https://www.youtube.com/watch?v=KXsfp8YiucE
PL_-VfJajZj0VgpFpEVFzS5Z-lkXtBe-x5	Javascript Cơ Bản	001	0SJE9dYdpps	Javascript có thể làm được gì? Giới thiệu về trang F8 | Học lập trình Javascript cơ bản	https://www.youtube.com/watch?v=0SJE9dYdpps
PL_-VfJajZj0VgpFpEVFzS5Z-lkXtBe-x5	Javascript Cơ Bản	002	-jV06pqjUUc	Lời khuyên trước khóa học | Lộ trình khóa học JavaScript cơ bản tại F8	https://www.youtube.com/watch?v=-jV06pqjUUc
PL_-VfJajZj0VgpFpEVFzS5Z-lkXtBe-x5	Javascript Cơ Bản	003	efI98nT8Ffo	Cài đặt môi trường, công cụ phù hợp để học JavaScript	https://www.youtube.com/watch?v=efI98nT8Ffo
PL_-VfJajZj0VgpFpEVFzS5Z-lkXtBe-x5	Javascript Cơ Bản	004	W0vEUmyvthQ	Cách sử dụng JS trong file HTML | Visual Studio Code	https://www.youtube.com/watch?v=W0vEUmyvthQ
PL_-VfJajZj0VgpFpEVFzS5Z-lkXtBe-x5	Javascript Cơ Bản	005	CLbx37dqYEI	Khai báo biến | Làm quen với cú pháp trong JavaScript	https://www.youtube.com/watch?v=CLbx37dqYEI
PL_-VfJajZj0VgpFpEVFzS5Z-lkXtBe-x5	Javascript Cơ Bản	006	xRpXBEq6TOY	Sử dụng Comments trong JavaScript | Mục đích sử dụng Comments	https://www.youtube.com/watch?v=xRpXBEq6TOY
PL_-VfJajZj0VgpFpEVFzS5Z-lkXtBe-x5	Javascript Cơ Bản	007	rSV33HGotgE	Một số hàm built-in trong JavaScript | Built-in functions	https://www.youtube.com/watch?v=rSV33HGotgE
PL_-VfJajZj0VgpFpEVFzS5Z-lkXtBe-x5	Javascript Cơ Bản	008	SZb-N7TfPlw	Làm quen với toán tử trong JavaScript | Các loại toán tử JS	https://www.youtube.com/watch?v=SZb-N7TfPlw
PL_-VfJajZj0VgpFpEVFzS5Z-lkXtBe-x5	Javascript Cơ Bản	009	m_h7-dgKnMU	Toán tử số học trong JavaScript | Các loại toán tử số học JS	https://www.youtube.com/watch?v=m_h7-dgKnMU
PL_-VfJajZj0VgpFpEVFzS5Z-lkXtBe-x5	Javascript Cơ Bản	010	aM-DUx6Qnc8	++ Operator -- with Prefix & Postfix in JavaScript	https://www.youtube.com/watch?v=aM-DUx6Qnc8
PL_-VfJajZj0VgpFpEVFzS5Z-lkXtBe-x5	Javascript Cơ Bản	011	ncRmjazgsE8	Toán tử gán trong JavaScript | Cách sử dụng toán tử gán	https://www.youtube.com/watch?v=ncRmjazgsE8
PL_-VfJajZj0VgpFpEVFzS5Z-lkXtBe-x5	Javascript Cơ Bản	012	QCLVU6cZU_E	Toán tử chuỗi (String Operator) trong JavaScript | khi nào sử dụng toán tử chỗi	https://www.youtube.com/watch?v=QCLVU6cZU_E
PL_-VfJajZj0VgpFpEVFzS5Z-lkXtBe-x5	Javascript Cơ Bản	013	rWM2lXtS-d8	Toán tử so sánh trong Javascript (phần 1)	https://www.youtube.com/watch?v=rWM2lXtS-d8
PL_-VfJajZj0VgpFpEVFzS5Z-lkXtBe-x5	Javascript Cơ Bản	014	9cZEG1SSSQc	Kiểu dữ liệu Boolean (Boolean data type) trong JavaScript	https://www.youtube.com/watch?v=9cZEG1SSSQc
PL_-VfJajZj0VgpFpEVFzS5Z-lkXtBe-x5	Javascript Cơ Bản	015	9MpHrdWBdxg	Câu lệnh điều kiện If - Else trong JavaScript	https://www.youtube.com/watch?v=9MpHrdWBdxg
PL_-VfJajZj0VgpFpEVFzS5Z-lkXtBe-x5	Javascript Cơ Bản	016	O_-SQ-aVR3E	Toán tử logical trong JavaScript | Cách hoạt động của toán tử	https://www.youtube.com/watch?v=O_-SQ-aVR3E
PL_-VfJajZj0VgpFpEVFzS5Z-lkXtBe-x5	Javascript Cơ Bản	017	P-fMQ3elxSE	Kiểu dữ liệu trong JavaScript | Các kiểu dữ liệu JS	https://www.youtube.com/watch?v=P-fMQ3elxSE
PL_-VfJajZj0VgpFpEVFzS5Z-lkXtBe-x5	Javascript Cơ Bản	018	meCXeMeyFdE	Toán tử so sánh trong JavaScript (phần 2)	https://www.youtube.com/watch?v=meCXeMeyFdE
PL_-VfJajZj0VgpFpEVFzS5Z-lkXtBe-x5	Javascript Cơ Bản	019	j1PbSq5kJKY	Toán tử logical và câu lệnh điều kiện If trong JavaScript	https://www.youtube.com/watch?v=j1PbSq5kJKY
PL_-VfJajZj0VgpFpEVFzS5Z-lkXtBe-x5	Javascript Cơ Bản	020	6F_dajRCC9Q	Chuỗi trong JavaScript | JavaScript String	https://www.youtube.com/watch?v=6F_dajRCC9Q
PL_-VfJajZj0VgpFpEVFzS5Z-lkXtBe-x5	Javascript Cơ Bản	021	b4YivuRmcEw	Làm việc với chuỗi trong JavaScript | Javascript string methods	https://www.youtube.com/watch?v=b4YivuRmcEw
PL_-VfJajZj0VgpFpEVFzS5Z-lkXtBe-x5	Javascript Cơ Bản	022	varb35t44v0	Số và làm việc với kiểu số trong JavaScript | JavaScript number methods	https://www.youtube.com/watch?v=varb35t44v0
PL_-VfJajZj0VgpFpEVFzS5Z-lkXtBe-x5	Javascript Cơ Bản	023	YzO65uOJNMg	Mảng trong JavaScript | JavaScript array	https://www.youtube.com/watch?v=YzO65uOJNMg
PL_-VfJajZj0VgpFpEVFzS5Z-lkXtBe-x5	Javascript Cơ Bản	024	KrYacXScNQk	Làm việc với mảng trong JavaScript | JavaScript array	https://www.youtube.com/watch?v=KrYacXScNQk
PL_-VfJajZj0VgpFpEVFzS5Z-lkXtBe-x5	Javascript Cơ Bản	025	4g9ENVc2KLA	Hàm trong JavaScript | JavaScript function	https://www.youtube.com/watch?v=4g9ENVc2KLA
PL_-VfJajZj0VgpFpEVFzS5Z-lkXtBe-x5	Javascript Cơ Bản	026	jE6UPl17Nvo	Tham số trong hàm | JavaScript function	https://www.youtube.com/watch?v=jE6UPl17Nvo
PL_-VfJajZj0VgpFpEVFzS5Z-lkXtBe-x5	Javascript Cơ Bản	027	OOoeAIrn69M	Return trong hàm JS | JavaScript function	https://www.youtube.com/watch?v=OOoeAIrn69M
PL_-VfJajZj0VgpFpEVFzS5Z-lkXtBe-x5	Javascript Cơ Bản	028	aTQojRq0N4c	Hiểu hơn về function trong JavaScript | Một số điều cần biết về function	https://www.youtube.com/watch?v=aTQojRq0N4c
PL_-VfJajZj0VgpFpEVFzS5Z-lkXtBe-x5	Javascript Cơ Bản	029	scwab9DMNtM	Các loại function trong JavaScript | Khái niệm function	https://www.youtube.com/watch?v=scwab9DMNtM
PL_-VfJajZj0VgpFpEVFzS5Z-lkXtBe-x5	Javascript Cơ Bản	030	zFO-sSfReFs	What is Polyfill? | Concept of polyfill in JavaScript	https://www.youtube.com/watch?v=zFO-sSfReFs
PL_-VfJajZj0VgpFpEVFzS5Z-lkXtBe-x5	Javascript Cơ Bản	031	orIXdOPFWeM	Object trong JavaScript | Khái niệm object	https://www.youtube.com/watch?v=orIXdOPFWeM
PL_-VfJajZj0VgpFpEVFzS5Z-lkXtBe-x5	Javascript Cơ Bản	032	FO1OMbT_k2w	Object constructor trong JavaScript	https://www.youtube.com/watch?v=FO1OMbT_k2w
PL_-VfJajZj0VgpFpEVFzS5Z-lkXtBe-x5	Javascript Cơ Bản	033	Wi-khBYt658	Object prototype(cơ bản) trong JavaScript	https://www.youtube.com/watch?v=Wi-khBYt658
PL_-VfJajZj0VgpFpEVFzS5Z-lkXtBe-x5	Javascript Cơ Bản	034	cufyZUUIXjw	Date object trong JavaScript | Đối tượng date	https://www.youtube.com/watch?v=cufyZUUIXjw
PL_-VfJajZj0VgpFpEVFzS5Z-lkXtBe-x5	Javascript Cơ Bản	035	X9OA4308oIY	Câu lệnh rẽ nhánh If, else | JavaScript if-else	https://www.youtube.com/watch?v=X9OA4308oIY
PL_-VfJajZj0VgpFpEVFzS5Z-lkXtBe-x5	Javascript Cơ Bản	036	24lIiJ4xVQE	Câu lệnh rẽ nhánh Switch trong JavaScript	https://www.youtube.com/watch?v=24lIiJ4xVQE
PL_-VfJajZj0VgpFpEVFzS5Z-lkXtBe-x5	Javascript Cơ Bản	037	L9pPv8pp71s	Toán tử 3 ngôi(ternary operator) trong JavaScript	https://www.youtube.com/watch?v=L9pPv8pp71s
PL_-VfJajZj0VgpFpEVFzS5Z-lkXtBe-x5	Javascript Cơ Bản	038	1zeMUJeBkeA	Vòng lặp trong JavaScript | JavaScript Loop	https://www.youtube.com/watch?v=1zeMUJeBkeA
PL_-VfJajZj0VgpFpEVFzS5Z-lkXtBe-x5	Javascript Cơ Bản	039	tzaq2ay3Q0w	Vòng lặp For trong JavaScript | For loop	https://www.youtube.com/watch?v=tzaq2ay3Q0w
PL_-VfJajZj0VgpFpEVFzS5Z-lkXtBe-x5	Javascript Cơ Bản	040	L0a9ZgIEjW8	Vòng lặp For trong JavaScript | For loop phần 2	https://www.youtube.com/watch?v=L0a9ZgIEjW8
PL_-VfJajZj0VgpFpEVFzS5Z-lkXtBe-x5	Javascript Cơ Bản	041	LAlvupZV5iU	Vòng lặp For trong JavaScript | For loop phần 3	https://www.youtube.com/watch?v=LAlvupZV5iU
PL_-VfJajZj0VgpFpEVFzS5Z-lkXtBe-x5	Javascript Cơ Bản	042	stbbeMsgldc	Vòng lặp For/in trong JavaScript | For...in loop	https://www.youtube.com/watch?v=stbbeMsgldc
PL_-VfJajZj0VgpFpEVFzS5Z-lkXtBe-x5	Javascript Cơ Bản	043	qhShGK5Y10U	Vòng lặp For/of trong JavaScript | For...of loop	https://www.youtube.com/watch?v=qhShGK5Y10U
PL_-VfJajZj0VgpFpEVFzS5Z-lkXtBe-x5	Javascript Cơ Bản	044	rdH9Dm7IVxU	Vòng lặp While trong JavaScript | JavaScript while loop	https://www.youtube.com/watch?v=rdH9Dm7IVxU
PL_-VfJajZj0VgpFpEVFzS5Z-lkXtBe-x5	Javascript Cơ Bản	045	Or48jZzowUk	Vòng lặp Do/while trong JavaScript | Do...while loop	https://www.youtube.com/watch?v=Or48jZzowUk
PL_-VfJajZj0VgpFpEVFzS5Z-lkXtBe-x5	Javascript Cơ Bản	046	zSHt_S7W2a8	Break và Continue trong vòng lặp | JavaScript Break and Continue	https://www.youtube.com/watch?v=zSHt_S7W2a8
PL_-VfJajZj0VgpFpEVFzS5Z-lkXtBe-x5	Javascript Cơ Bản	047	hRaSotOvTjY	Vòng lặp lồng nhau (Nested loop) | JavaScript nested loop	https://www.youtube.com/watch?v=hRaSotOvTjY
PL_-VfJajZj0VgpFpEVFzS5Z-lkXtBe-x5	Javascript Cơ Bản	048	MY-eJLzbSZc	Ví dụ mở rộng về vòng lặp | JavaScript Loops	https://www.youtube.com/watch?v=MY-eJLzbSZc
PL_-VfJajZj0VgpFpEVFzS5Z-lkXtBe-x5	Javascript Cơ Bản	049	AT-yhX26_Ao	Làm việc với mảng trong JavaScript | Array methods (Phần 2)	https://www.youtube.com/watch?v=AT-yhX26_Ao
PL_-VfJajZj0VgpFpEVFzS5Z-lkXtBe-x5	Javascript Cơ Bản	050	-xZkVmkDwbU	Array map method trong JavaScript | Làm việc với mảng	https://www.youtube.com/watch?v=-xZkVmkDwbU
PL_-VfJajZj0VgpFpEVFzS5Z-lkXtBe-x5	Javascript Cơ Bản	051	-JMh3A556cw	Phương thức reduce khi làm việc với array | JavaScript array reduce() method	https://www.youtube.com/watch?v=-JMh3A556cw
PL_-VfJajZj0VgpFpEVFzS5Z-lkXtBe-x5	Javascript Cơ Bản	052	gLIXXBIySZ8	Phương thức reduce khi làm việc với array - phần 2 | JavaScript array reduce() method	https://www.youtube.com/watch?v=gLIXXBIySZ8
PL_-VfJajZj0VgpFpEVFzS5Z-lkXtBe-x5	Javascript Cơ Bản	053	PozYw4lVgl0	Phương thức includes | JavaScript String/Array includes() method	https://www.youtube.com/watch?v=PozYw4lVgl0
PL_-VfJajZj0VgpFpEVFzS5Z-lkXtBe-x5	Javascript Cơ Bản	054	WGsNbFwt0H4	Đối tượng math | JavaScript math object	https://www.youtube.com/watch?v=WGsNbFwt0H4
PL_-VfJajZj0VgpFpEVFzS5Z-lkXtBe-x5	Javascript Cơ Bản	055	W8vJ-yOtSbE	Hiểu về Javascript Callback Functions | Callback Trong Javascript | Javascript Callback	https://www.youtube.com/watch?v=W8vJ-yOtSbE
PL_-VfJajZj0VgpFpEVFzS5Z-lkXtBe-x5	Javascript Cơ Bản	056	LUt36WnREm0	Callback trong JavaScript | Callback functions phần 2	https://www.youtube.com/watch?v=LUt36WnREm0
PL_-VfJajZj0VgpFpEVFzS5Z-lkXtBe-x5	Javascript Cơ Bản	057	sQBlrbbqEak	Build a method to work with array | Array empty element?	https://www.youtube.com/watch?v=sQBlrbbqEak
PL_-VfJajZj0VgpFpEVFzS5Z-lkXtBe-x5	Javascript Cơ Bản	058	zfEBuHWif4Q	Xây dựng phương thức forEach | JavaScript Array forEach() Method	https://www.youtube.com/watch?v=zfEBuHWif4Q
PL_-VfJajZj0VgpFpEVFzS5Z-lkXtBe-x5	Javascript Cơ Bản	059	eRM7ekb1iQU	Build a filter method | JavaScript Array filter() method	https://www.youtube.com/watch?v=eRM7ekb1iQU
PL_-VfJajZj0VgpFpEVFzS5Z-lkXtBe-x5	Javascript Cơ Bản	060	kUObhKJ-RoU	Build the `some` method | JavaScript Array `some()` method	https://www.youtube.com/watch?v=kUObhKJ-RoU
PL_-VfJajZj0VgpFpEVFzS5Z-lkXtBe-x5	Javascript Cơ Bản	061	mmxZ6buXHN4	Building the every method | JavaScript Array every() method	https://www.youtube.com/watch?v=mmxZ6buXHN4
PL_-VfJajZj0VgpFpEVFzS5Z-lkXtBe-x5	Javascript Cơ Bản	062	ZwbBiGf35V4	What is Recursion? Learn about Recursion in JavaScript | Recursive Function	https://www.youtube.com/watch?v=ZwbBiGf35V4
PL_-VfJajZj0VgpFpEVFzS5Z-lkXtBe-x5	Javascript Cơ Bản	063	TsTr-tKCREc	What is HTML DOM? | JavaScript HTML DOM	https://www.youtube.com/watch?v=TsTr-tKCREc
PL_-VfJajZj0VgpFpEVFzS5Z-lkXtBe-x5	Javascript Cơ Bản	064	82KhrbZ7LvA	What is HTML DOM and DOM API? | JavaScript HTML DOM	https://www.youtube.com/watch?v=82KhrbZ7LvA
PL_-VfJajZj0VgpFpEVFzS5Z-lkXtBe-x5	Javascript Cơ Bản	065	ZS2v9B9DRm8	DOM Document Object trong JavaScript | HTML DOM	https://www.youtube.com/watch?v=ZS2v9B9DRm8
PL_-VfJajZj0VgpFpEVFzS5Z-lkXtBe-x5	Javascript Cơ Bản	066	gETNXKi3l_U	Lấy element trong DOM | Get element methods	https://www.youtube.com/watch?v=gETNXKi3l_U
PL_-VfJajZj0VgpFpEVFzS5Z-lkXtBe-x5	Javascript Cơ Bản	067	OQkUwdVvul8	Get element in DOM | Get element methods - part 2	https://www.youtube.com/watch?v=OQkUwdVvul8
PL_-VfJajZj0VgpFpEVFzS5Z-lkXtBe-x5	Javascript Cơ Bản	068	-4u0Gg1YFQw	Get element in DOM | Get element methods - part 3	https://www.youtube.com/watch?v=-4u0Gg1YFQw
PL_-VfJajZj0VgpFpEVFzS5Z-lkXtBe-x5	Javascript Cơ Bản	069	8S1L12Ttu-U	Attribute node and Text node in HTML DOM	https://www.youtube.com/watch?v=8S1L12Ttu-U
PL_-VfJajZj0VgpFpEVFzS5Z-lkXtBe-x5	Javascript Cơ Bản	070	ViPTAlLPnV4	DOM attribute | Add, edit, delete attribute	https://www.youtube.com/watch?v=ViPTAlLPnV4
PL_-VfJajZj0VgpFpEVFzS5Z-lkXtBe-x5	Javascript Cơ Bản	071	xwcQl75iSNc	InnerText & textContent Property | Text node in Dom	https://www.youtube.com/watch?v=xwcQl75iSNc
PL_-VfJajZj0VgpFpEVFzS5Z-lkXtBe-x5	Javascript Cơ Bản	072	SXW4QSjk4Js	Thêm element vào element trong DOM | InnerHTML property | OuterHTML property	https://www.youtube.com/watch?v=SXW4QSjk4Js
PL_-VfJajZj0VgpFpEVFzS5Z-lkXtBe-x5	Javascript Cơ Bản	073	YWTO5hO7d8A	Node properties | HTML DOM	https://www.youtube.com/watch?v=YWTO5hO7d8A
PL_-VfJajZj0VgpFpEVFzS5Z-lkXtBe-x5	Javascript Cơ Bản	074	79gnz1TttHw	DOM style object in Element node | DOM CSS	https://www.youtube.com/watch?v=79gnz1TttHw
PL_-VfJajZj0VgpFpEVFzS5Z-lkXtBe-x5	Javascript Cơ Bản	075	xr2d_1h4U0Y	ClassList Property	https://www.youtube.com/watch?v=xr2d_1h4U0Y
PL_-VfJajZj0VgpFpEVFzS5Z-lkXtBe-x5	Javascript Cơ Bản	076	AA3WWZAMv_0	DOM events	https://www.youtube.com/watch?v=AA3WWZAMv_0
PL_-VfJajZj0VgpFpEVFzS5Z-lkXtBe-x5	Javascript Cơ Bản	077	Ze4b9x7zgas	DOM events example | JavaScript HTML DOM Events	https://www.youtube.com/watch?v=Ze4b9x7zgas
PL_-VfJajZj0VgpFpEVFzS5Z-lkXtBe-x5	Javascript Cơ Bản	078	4ZnQur6rewg	PreventDefault & StopPropagation | DOM events	https://www.youtube.com/watch?v=4ZnQur6rewg
PL_-VfJajZj0VgpFpEVFzS5Z-lkXtBe-x5	Javascript Cơ Bản	079	U624VLOxiTo	Event listener | add & removeEventListener	https://www.youtube.com/watch?v=U624VLOxiTo
PL_-VfJajZj0VgpFpEVFzS5Z-lkXtBe-x5	Javascript Cơ Bản	080	ZdvRm1bfGAk	Form validation - Phần 1 | Thực hành HTML DOM	https://www.youtube.com/watch?v=ZdvRm1bfGAk
PL_-VfJajZj0VgpFpEVFzS5Z-lkXtBe-x5	Javascript Cơ Bản	081	scybnB9vYVQ	Form Validation - Part 2 | HTML DOM Practice	https://www.youtube.com/watch?v=scybnB9vYVQ
PL_-VfJajZj0VgpFpEVFzS5Z-lkXtBe-x5	Javascript Cơ Bản	082	LpgoBaULw30	Form Validation - Part 3 | HTML DOM Practice	https://www.youtube.com/watch?v=LpgoBaULw30
PL_-VfJajZj0VgpFpEVFzS5Z-lkXtBe-x5	Javascript Cơ Bản	083	jRnBvlMUvK0	Form validation - Phần 4 | Thực hành HTML DOM	https://www.youtube.com/watch?v=jRnBvlMUvK0
PL_-VfJajZj0VgpFpEVFzS5Z-lkXtBe-x5	Javascript Cơ Bản	084	wMH2bHlpWco	Form validation - Results achieved | Vanilla JS form validation	https://www.youtube.com/watch?v=wMH2bHlpWco
PL_-VfJajZj0VgpFpEVFzS5Z-lkXtBe-x5	Javascript Cơ Bản	085	jhvEPY8cEu0	Form validation - Cách làm 2 | Thực hành HTML DOM	https://www.youtube.com/watch?v=jhvEPY8cEu0
PL_-VfJajZj0VgpFpEVFzS5Z-lkXtBe-x5	Javascript Cơ Bản	086	V88PFJNlE-I	Form validation - Method 2 (Completion) | HTML DOM Practice	https://www.youtube.com/watch?v=V88PFJNlE-I
PL_-VfJajZj0VgpFpEVFzS5Z-lkXtBe-x5	Javascript Cơ Bản	087	Uph14HYkgEQ	JSON là gì? JSON được sử dụng như thế nào trong JavaScript?	https://www.youtube.com/watch?v=Uph14HYkgEQ
PL_-VfJajZj0VgpFpEVFzS5Z-lkXtBe-x5	Javascript Cơ Bản	088	QJmNEqy0zV0	Promise (sync async) trong JavaScript | Khái niệm promise	https://www.youtube.com/watch?v=QJmNEqy0zV0
PL_-VfJajZj0VgpFpEVFzS5Z-lkXtBe-x5	Javascript Cơ Bản	089	bgSbjJIwrj0	Promise (pain) | Promise javascript | Learn promise in Javascript	https://www.youtube.com/watch?v=bgSbjJIwrj0
PL_-VfJajZj0VgpFpEVFzS5Z-lkXtBe-x5	Javascript Cơ Bản	090	_4F8ihblZFU	Promise trong Javascript | Cách sử dụng Promise | JavaScript Promise	https://www.youtube.com/watch?v=_4F8ihblZFU
PL_-VfJajZj0VgpFpEVFzS5Z-lkXtBe-x5	Javascript Cơ Bản	091	Ldl571DAlXI	Promise chain | How Promises work | JavaScript Promise	https://www.youtube.com/watch?v=Ldl571DAlXI
PL_-VfJajZj0VgpFpEVFzS5Z-lkXtBe-x5	Javascript Cơ Bản	092	pxyxbaq8i8c	Promise methods (resolve, reject, all) | JavaScript Promise	https://www.youtube.com/watch?v=pxyxbaq8i8c
PL_-VfJajZj0VgpFpEVFzS5Z-lkXtBe-x5	Javascript Cơ Bản	093	MFDXxCNqjKQ	Learn JavaScript ECMAScript 6 | ES6	https://www.youtube.com/watch?v=MFDXxCNqjKQ
PL_-VfJajZj0VgpFpEVFzS5Z-lkXtBe-x5	Javascript Cơ Bản	094	tCPTBPua1Xo	Let & Const keyword | JavaScript ES6	https://www.youtube.com/watch?v=tCPTBPua1Xo
PL_-VfJajZj0VgpFpEVFzS5Z-lkXtBe-x5	Javascript Cơ Bản	095	9QeNLypIiZs	Arrow function in JavaScript ES6 | Arrow function concept	https://www.youtube.com/watch?v=9QeNLypIiZs
PL_-VfJajZj0VgpFpEVFzS5Z-lkXtBe-x5	Javascript Cơ Bản	096	7Ls-fa8iVXA	Template literals (Template string) trong javascript ES6	https://www.youtube.com/watch?v=7Ls-fa8iVXA
PL_-VfJajZj0VgpFpEVFzS5Z-lkXtBe-x5	Javascript Cơ Bản	097	jSvViDjWXaE	Classes trong JavaScript ES6	https://www.youtube.com/watch?v=jSvViDjWXaE
PL_-VfJajZj0VgpFpEVFzS5Z-lkXtBe-x5	Javascript Cơ Bản	098	WB6FQdp41hs	Enhanced object literals trong javascript ES6	https://www.youtube.com/watch?v=WB6FQdp41hs
PL_-VfJajZj0VgpFpEVFzS5Z-lkXtBe-x5	Javascript Cơ Bản	099	451KRGBBRJY	Default parameter values trong JavaScript ES6	https://www.youtube.com/watch?v=451KRGBBRJY
PL_-VfJajZj0VgpFpEVFzS5Z-lkXtBe-x5	Javascript Cơ Bản	100	J1m4vLDUhEI	Destructuring trong JavaScript ES6	https://www.youtube.com/watch?v=J1m4vLDUhEI
PL_-VfJajZj0VgpFpEVFzS5Z-lkXtBe-x5	Javascript Cơ Bản	101	MJZICS7nQk8	Spread trong JavaScript ES6	https://www.youtube.com/watch?v=MJZICS7nQk8
PL_-VfJajZj0VgpFpEVFzS5Z-lkXtBe-x5	Javascript Cơ Bản	102	XV0d0A37sd8	Khái niệm tagged template literals (ít người biết) | JavaScript ES6	https://www.youtube.com/watch?v=XV0d0A37sd8
PL_-VfJajZj0VgpFpEVFzS5Z-lkXtBe-x5	Javascript Cơ Bản	103	08lWi4T2Bfg	Module trong JavaScript ES6	https://www.youtube.com/watch?v=08lWi4T2Bfg
PL_-VfJajZj0VgpFpEVFzS5Z-lkXtBe-x5	Javascript Cơ Bản	104	kxX7kKjXXKs	Khái niệm Optional chaining | ECMAScript 6+	https://www.youtube.com/watch?v=kxX7kKjXXKs
PL_-VfJajZj0VgpFpEVFzS5Z-lkXtBe-x5	Javascript Cơ Bản	105	7c7ABhaQJGM	Building a Toast Message UI using BEM	https://www.youtube.com/watch?v=7c7ABhaQJGM
PL_-VfJajZj0VgpFpEVFzS5Z-lkXtBe-x5	Javascript Cơ Bản	106	XN2mt1i1kjk	Promise example | Example of using Promise in JavaScript	https://www.youtube.com/watch?v=XN2mt1i1kjk
PL_-VfJajZj0VgpFpEVFzS5Z-lkXtBe-x5	Javascript Cơ Bản	107	8KkM6JFjJZA	Fetch | Fetch Concept in JavaScript	https://www.youtube.com/watch?v=8KkM6JFjJZA
PL_-VfJajZj0VgpFpEVFzS5Z-lkXtBe-x5	Javascript Cơ Bản	108	5UJGRHNZc9M	JSON server | Cài đặt thư viện JSON server	https://www.youtube.com/watch?v=5UJGRHNZc9M
PL_-VfJajZj0VgpFpEVFzS5Z-lkXtBe-x5	Javascript Cơ Bản	109	CvX_5uyUXSs	Using Postman to work with REST API	https://www.youtube.com/watch?v=CvX_5uyUXSs
PL_-VfJajZj0VgpFpEVFzS5Z-lkXtBe-x5	Javascript Cơ Bản	110	TRjVXmk8q8I	Add/edit/delete courses with Fetch and REST API	https://www.youtube.com/watch?v=TRjVXmk8q8I
PL_-VfJajZj0VgpFpEVFzS5Z-lkXtBe-x5	Javascript Cơ Bản	111	oYC6wGu-sWo	Xây dựng Tabs UI với JavaScript cơ bản	https://www.youtube.com/watch?v=oYC6wGu-sWo
PL_-VfJajZj0VgpFpEVFzS5Z-lkXtBe-x5	Javascript Cơ Bản	112	y8ZkHEpF9zM	Phương thức reduce có logic như thế nào? | JavaScript reduce	https://www.youtube.com/watch?v=y8ZkHEpF9zM
PL_-VfJajZj0VgpFpEVFzS5Z-lkXtBe-x5	Javascript Cơ Bản	113	vAecGPWxzFE	Code Music Player Xịn Xò Từ A-Z | Thực hành JavaScript | Code trình phát nhạc	https://www.youtube.com/watch?v=vAecGPWxzFE
PL_-VfJajZj0VgpFpEVFzS5Z-lkXtBe-x5	Javascript Cơ Bản	114	RClK-ltP-Bg	Make a Library With Only ~30 Lines of Code That Works Like React+Redux | Basic JavaScript Practice	https://www.youtube.com/watch?v=RClK-ltP-Bg
PL_-VfJajZj0VgpFpEVFzS5Z-lkXtBe-x5	Javascript Cơ Bản	115	UajBbcr8sfc	Code Todo List Bằng Library Xịn Xò Của Chúng Ta | Todo List App | Thực hành JavaScript cơ bản	https://www.youtube.com/watch?v=UajBbcr8sfc
PL_-VfJajZj0VgpFpEVFzS5Z-lkXtBe-x5	Javascript Cơ Bản	116	utF5vj7Ljuo	"After learning" JavaScript, can you solve Children's Code? | 300 Children's Code Challenge	https://www.youtube.com/watch?v=utF5vj7Ljuo
PL_-VfJajZj0VgpFpEVFzS5Z-lkXtBe-x5	Javascript Cơ Bản	117	On24_XdhXq8	Tạo Hàm Đọc Số Tiền Bằng Chữ JavaScript Ngày Bão	https://www.youtube.com/watch?v=On24_XdhXq8
PLeS7aZkL6GOsHNoyeEpeL8B1PnbKoQD9m	✅ Học React Hooks cơ bản (2020)	01	unFHsn0qSMA	React hooks - Giới thiệu tổng quát về hooks (2020)	https://www.youtube.com/watch?v=unFHsn0qSMA
PLeS7aZkL6GOsHNoyeEpeL8B1PnbKoQD9m	✅ Học React Hooks cơ bản (2020)	02	7beJYPZefyE	React Hooks: 01 - Project setup with Create React App (2020)	https://www.youtube.com/watch?v=7beJYPZefyE
PLeS7aZkL6GOsHNoyeEpeL8B1PnbKoQD9m	✅ Học React Hooks cơ bản (2020)	03	_D16z1kL0wo	React hooks: 02 - useState() and what you need to know 😊 (2020)	https://www.youtube.com/watch?v=_D16z1kL0wo
PLeS7aZkL6GOsHNoyeEpeL8B1PnbKoQD9m	✅ Học React Hooks cơ bản (2020)	04	SIAGpAaLSaI	React hooks: 03 - Dùng useState() qua ví dụ đơn giản (2020)	https://www.youtube.com/watch?v=SIAGpAaLSaI
PLeS7aZkL6GOsHNoyeEpeL8B1PnbKoQD9m	✅ Học React Hooks cơ bản (2020)	05	G27sfcWlMzc	React hooks: 04 - useState() via TodoList example (2020)	https://www.youtube.com/watch?v=G27sfcWlMzc
PLeS7aZkL6GOsHNoyeEpeL8B1PnbKoQD9m	✅ Học React Hooks cơ bản (2020)	06	HbERbcazLhY	React Hooks: 05 - useState() via TodoForm example (2020)	https://www.youtube.com/watch?v=HbERbcazLhY
PLeS7aZkL6GOsHNoyeEpeL8B1PnbKoQD9m	✅ Học React Hooks cơ bản (2020)	07	zjUC_W7IOIc	React hooks: 06 - Những điều cần biết về useEffect hooks 🎉	https://www.youtube.com/watch?v=zjUC_W7IOIc
PLeS7aZkL6GOsHNoyeEpeL8B1PnbKoQD9m	✅ Học React Hooks cơ bản (2020)	08	4a1_is2OdLY	React hooks: 07 - Calling APIs with useEffect hooks (2020) 🎉	https://www.youtube.com/watch?v=4a1_is2OdLY
PLeS7aZkL6GOsHNoyeEpeL8B1PnbKoQD9m	✅ Học React Hooks cơ bản (2020)	09	jwfjgRBcUgE	React hooks: 08 - Pagination with useEffect hooks (2020) 😍	https://www.youtube.com/watch?v=jwfjgRBcUgE
PLeS7aZkL6GOsHNoyeEpeL8B1PnbKoQD9m	✅ Học React Hooks cơ bản (2020)	10	WF3pUtvC01M	React hooks: 09 - useEffect search có debounce 😍 (2020)	https://www.youtube.com/watch?v=WF3pUtvC01M
PLeS7aZkL6GOsHNoyeEpeL8B1PnbKoQD9m	✅ Học React Hooks cơ bản (2020)	11	QbC4LwsD1rw	React hooks: 10 - useEffect cleanup with clock code (2020)	https://www.youtube.com/watch?v=QbC4LwsD1rw
PLeS7aZkL6GOsHNoyeEpeL8B1PnbKoQD9m	✅ Học React Hooks cơ bản (2020)	12	8Ee__cUapdg	React Hooks: 11 - Introduction to Custom Hooks (2020) 🚀	https://www.youtube.com/watch?v=8Ee__cUapdg
PLeS7aZkL6GOsHNoyeEpeL8B1PnbKoQD9m	✅ Học React Hooks cơ bản (2020)	13	hub6_EzgeIg	React hooks: 12 - Code custom hooks useClock() 🎉 (2020)	https://www.youtube.com/watch?v=hub6_EzgeIg
PLeS7aZkL6GOsHNoyeEpeL8B1PnbKoQD9m	✅ Học React Hooks cơ bản (2020)	14	k2P78S4YllE	React hooks: 13 - Code a custom hooks from scratch (2020) 🎉	https://www.youtube.com/watch?v=k2P78S4YllE
PLeS7aZkL6GOsHNoyeEpeL8B1PnbKoQD9m	✅ Học React Hooks cơ bản (2020)	15	EGVhrE6VuNM	React hooks: 14 - Introduction to Memoization and React.memo (2020) 🎉	https://www.youtube.com/watch?v=EGVhrE6VuNM
PLeS7aZkL6GOsHNoyeEpeL8B1PnbKoQD9m	✅ Học React Hooks cơ bản (2020)	16	quS95gJdxsc	React hooks: 15 - So sánh useCallback và useMemo 😎 (2020)	https://www.youtube.com/watch?v=quS95gJdxsc
PLeS7aZkL6GOsHNoyeEpeL8B1PnbKoQD9m	✅ Học React Hooks cơ bản (2020)	17	kp4fuB-0TBw	useRef hook: Get the previous value of the state 🎉	https://www.youtube.com/watch?v=kp4fuB-0TBw
PLncHg6Kn2JT6E38Z3kit9Hnif1xC_9VqI	Khóa học Fullstack SERN (SQL, Express.js, React.js, Node.js) Web Developer  Miễn Phí với Hỏi Dân IT	001	VvvXhNbFWKY	#N6 Phân Tích Các Kiến Thức Nhận Được Khóa Học Fullstack | Khóa Học Node.JS và React Cho Beginners	https://www.youtube.com/watch?v=VvvXhNbFWKY
PLncHg6Kn2JT6E38Z3kit9Hnif1xC_9VqI	Khóa học Fullstack SERN (SQL, Express.js, React.js, Node.js) Web Developer  Miễn Phí với Hỏi Dân IT	002	21tjOW8BvB4	Lesson N5: Demo of the Product Achieved Upon Completion of the Course on Production | Node.js and...	https://www.youtube.com/watch?v=21tjOW8BvB4
PLncHg6Kn2JT6E38Z3kit9Hnif1xC_9VqI	Khóa học Fullstack SERN (SQL, Express.js, React.js, Node.js) Web Developer  Miễn Phí với Hỏi Dân IT	003	jUOwicA-IQ0	Demo React Hook Course - Knowledge About React.JS For Beginners	https://www.youtube.com/watch?v=jUOwicA-IQ0
PLncHg6Kn2JT6E38Z3kit9Hnif1xC_9VqI	Khóa học Fullstack SERN (SQL, Express.js, React.js, Node.js) Web Developer  Miễn Phí với Hỏi Dân IT	004	Xj2hftGYAC0	Lesson N4: Demo of Final Project in a Local Environment | Node.js and React Course	https://www.youtube.com/watch?v=Xj2hftGYAC0
PLncHg6Kn2JT6E38Z3kit9Hnif1xC_9VqI	Khóa học Fullstack SERN (SQL, Express.js, React.js, Node.js) Web Developer  Miễn Phí với Hỏi Dân IT	005	fe2bCAQva8o	Lesson N3: FullStack Node.js and React Course Content | Comparison of Free Courses with the Market	https://www.youtube.com/watch?v=fe2bCAQva8o
PLncHg6Kn2JT6E38Z3kit9Hnif1xC_9VqI	Khóa học Fullstack SERN (SQL, Express.js, React.js, Node.js) Web Developer  Miễn Phí với Hỏi Dân IT	006	SBmdPgV6uhA	Lesson N2: A Detailed, No-Holds-Barred Guide on How to Effectively Study the FullStack Node.js an...	https://www.youtube.com/watch?v=SBmdPgV6uhA
PLncHg6Kn2JT6E38Z3kit9Hnif1xC_9VqI	Khóa học Fullstack SERN (SQL, Express.js, React.js, Node.js) Web Developer  Miễn Phí với Hỏi Dân IT	007	9ADwLZPbomo	Lesson N1: Overview of the Project We Will Build in the Course | Free React & Node.js Course	https://www.youtube.com/watch?v=9ADwLZPbomo
PLncHg6Kn2JT6E38Z3kit9Hnif1xC_9VqI	Khóa học Fullstack SERN (SQL, Express.js, React.js, Node.js) Web Developer  Miễn Phí với Hỏi Dân IT	008	VznptsZ9QZU	#0 Tại Sao Lại Chọn Website Developer | Những Điều Bạn Cần Biết Để Dấn Thân Vào Con Đường Này	https://www.youtube.com/watch?v=VznptsZ9QZU
PLncHg6Kn2JT6E38Z3kit9Hnif1xC_9VqI	Khóa học Fullstack SERN (SQL, Express.js, React.js, Node.js) Web Developer  Miễn Phí với Hỏi Dân IT	009	YWODbdejecU	#1 Cài đặt Chi Tiết Visual Studio Code - Công Cụ Mạnh Mẽ Nhất Của Lập Trình Viên Website Hiện  Nay	https://www.youtube.com/watch?v=YWODbdejecU
PLncHg6Kn2JT6E38Z3kit9Hnif1xC_9VqI	Khóa học Fullstack SERN (SQL, Express.js, React.js, Node.js) Web Developer  Miễn Phí với Hỏi Dân IT	010	90i1TeVyVic	#2 Cài Đặt Chi Tiết Koala - Phần Mềm 100% Miễn Phí Biên Dịch SCSS (SASS) Thành CSS	https://www.youtube.com/watch?v=90i1TeVyVic
PLncHg6Kn2JT6E38Z3kit9Hnif1xC_9VqI	Khóa học Fullstack SERN (SQL, Express.js, React.js, Node.js) Web Developer  Miễn Phí với Hỏi Dân IT	011	kp54-sOcSIU	#3 HTML Cho Người Mới Bắt Đầu - Viết Chương Trình Hello World Đầu Tiên Với Ví Dụ Thực Tiến - Bài 01	https://www.youtube.com/watch?v=kp54-sOcSIU
PLncHg6Kn2JT6E38Z3kit9Hnif1xC_9VqI	Khóa học Fullstack SERN (SQL, Express.js, React.js, Node.js) Web Developer  Miễn Phí với Hỏi Dân IT	012	GVwefuqLniM	#4 Google Chrome Language Configuration - Introducing Tools That Devs Use With Website Browsers	https://www.youtube.com/watch?v=GVwefuqLniM
PLncHg6Kn2JT6E38Z3kit9Hnif1xC_9VqI	Khóa học Fullstack SERN (SQL, Express.js, React.js, Node.js) Web Developer  Miễn Phí với Hỏi Dân IT	013	mPE_f3N6Iv4	#5 HTML for Beginners - All the Concepts You Need to Know: Elements and Attributes - Lesson 02	https://www.youtube.com/watch?v=mPE_f3N6Iv4
PLncHg6Kn2JT6E38Z3kit9Hnif1xC_9VqI	Khóa học Fullstack SERN (SQL, Express.js, React.js, Node.js) Web Developer  Miễn Phí với Hỏi Dân IT	014	-ika_IAgA1s	#6 HTML Cho Người Mới Bắt Đầu - Tất Tần Tật Các Tags Bạn Cần Biết Trong Thực Tế  Đi Làm- Bài 03	https://www.youtube.com/watch?v=-ika_IAgA1s
PLncHg6Kn2JT6E38Z3kit9Hnif1xC_9VqI	Khóa học Fullstack SERN (SQL, Express.js, React.js, Node.js) Web Developer  Miễn Phí với Hỏi Dân IT	015	2QeNboFqq2c	#7 HTML Cho Người Mới Bắt Đầu - Tất Tần Tật Các Thuộc Tính HTML Bạn Cần Biết - Bài 04	https://www.youtube.com/watch?v=2QeNboFqq2c
PLncHg6Kn2JT6E38Z3kit9Hnif1xC_9VqI	Khóa học Fullstack SERN (SQL, Express.js, React.js, Node.js) Web Developer  Miễn Phí với Hỏi Dân IT	016	-cdibOxuAgk	#8 3 Ways to Write CSS You Must Know - CSS Essentials for Beginners	https://www.youtube.com/watch?v=-cdibOxuAgk
PLncHg6Kn2JT6E38Z3kit9Hnif1xC_9VqI	Khóa học Fullstack SERN (SQL, Express.js, React.js, Node.js) Web Developer  Miễn Phí với Hỏi Dân IT	017	f7M0NHeDV_4	#9 Tại Sao Lại Sử Dụng SCSS (SASS) - Tổng Quản Về Sản Phẩm Sẽ Xây Dựng Khi Kết Thúc Khóa Học Này	https://www.youtube.com/watch?v=f7M0NHeDV_4
PLncHg6Kn2JT6E38Z3kit9Hnif1xC_9VqI	Khóa học Fullstack SERN (SQL, Express.js, React.js, Node.js) Web Developer  Miễn Phí với Hỏi Dân IT	018	K21n-AgUqOY	#10 Thực Hành Cắt HTML từ Template Mẫu Design Từ Z đến A - HTML Cho Người Mới Bắt Đầu	https://www.youtube.com/watch?v=K21n-AgUqOY
PLncHg6Kn2JT6E38Z3kit9Hnif1xC_9VqI	Khóa học Fullstack SERN (SQL, Express.js, React.js, Node.js) Web Developer  Miễn Phí với Hỏi Dân IT	019	mHk9xlYUMtU	#11 Thực Hành Cắt HTML từ Template Mẫu Design Từ Z đến A - Tối Ưu Hóa CSS Bằng SCSS	https://www.youtube.com/watch?v=mHk9xlYUMtU
PLncHg6Kn2JT6E38Z3kit9Hnif1xC_9VqI	Khóa học Fullstack SERN (SQL, Express.js, React.js, Node.js) Web Developer  Miễn Phí với Hỏi Dân IT	020	lM5m9y882KI	#12 Bắt Đầu Với Git Siêu Căn Bản Cho Beginners - Tạo Tài Khoản Github - Bài 01	https://www.youtube.com/watch?v=lM5m9y882KI
PLncHg6Kn2JT6E38Z3kit9Hnif1xC_9VqI	Khóa học Fullstack SERN (SQL, Express.js, React.js, Node.js) Web Developer  Miễn Phí với Hỏi Dân IT	021	L5OhO8JChFU	#13 Bắt Đầu Với Git Siêu Căn Bản Cho Beginners - Cài Đặt và Cấu Hình Git Local - Bài 02	https://www.youtube.com/watch?v=L5OhO8JChFU
PLncHg6Kn2JT6E38Z3kit9Hnif1xC_9VqI	Khóa học Fullstack SERN (SQL, Express.js, React.js, Node.js) Web Developer  Miễn Phí với Hỏi Dân IT	022	mAMrnCFRH-Y	#14 Bắt Đầu Với Git Siêu Căn Bản Cho Beginners - Đẩy Project Lên Github - Bài 03	https://www.youtube.com/watch?v=mAMrnCFRH-Y
PLncHg6Kn2JT6E38Z3kit9Hnif1xC_9VqI	Khóa học Fullstack SERN (SQL, Express.js, React.js, Node.js) Web Developer  Miễn Phí với Hỏi Dân IT	023	Hfb76A34mBc	#15 Tại Sao Lại Là Node.JS - Những Điều Bạn Phải Biết Trước Khi Sử Dụng Platform Này.	https://www.youtube.com/watch?v=Hfb76A34mBc
PLncHg6Kn2JT6E38Z3kit9Hnif1xC_9VqI	Khóa học Fullstack SERN (SQL, Express.js, React.js, Node.js) Web Developer  Miễn Phí với Hỏi Dân IT	024	Ejn8GaMEzkE	#16 Installing Node.JS Environment for Computer - Getting Started with Node.JS Platform and Javas...	https://www.youtube.com/watch?v=Ejn8GaMEzkE
PLncHg6Kn2JT6E38Z3kit9Hnif1xC_9VqI	Khóa học Fullstack SERN (SQL, Express.js, React.js, Node.js) Web Developer  Miễn Phí với Hỏi Dân IT	025	lXY_vL4ug0E	#17.1 Lưu Ý Khi Thực Hiện Dự Án Backend Node.js | Khóa Học Node.JS & React Cho Beginners	https://www.youtube.com/watch?v=lXY_vL4ug0E
PLncHg6Kn2JT6E38Z3kit9Hnif1xC_9VqI	Khóa học Fullstack SERN (SQL, Express.js, React.js, Node.js) Web Developer  Miễn Phí với Hỏi Dân IT	026	5Pb-z9DQjDw	#17.2 Bắt đầu với Express Framework - Viết Chương Trình Hello world với Node.js	https://www.youtube.com/watch?v=5Pb-z9DQjDw
PLncHg6Kn2JT6E38Z3kit9Hnif1xC_9VqI	Khóa học Fullstack SERN (SQL, Express.js, React.js, Node.js) Web Developer  Miễn Phí với Hỏi Dân IT	027	Tw8Vyz7dVgc	#18 Áp Dụng Mô Hình MVC vào Dự Án Node.JS	https://www.youtube.com/watch?v=Tw8Vyz7dVgc
PLncHg6Kn2JT6E38Z3kit9Hnif1xC_9VqI	Khóa học Fullstack SERN (SQL, Express.js, React.js, Node.js) Web Developer  Miễn Phí với Hỏi Dân IT	028	rfEUpJ18x7A	#19 Cài đặt cơ sở dữ liệu MySQL với XAMPP - Cấu hình cơ sở dữ liệu  database cho Node.JS phần 1	https://www.youtube.com/watch?v=rfEUpJ18x7A
PLncHg6Kn2JT6E38Z3kit9Hnif1xC_9VqI	Khóa học Fullstack SERN (SQL, Express.js, React.js, Node.js) Web Developer  Miễn Phí với Hỏi Dân IT	029	Wtt5uC4HWAA	#20 Tạo tables, thêm dữ liệu database với Sequelize CLI - Cấu hình database cho Node.JS phần 2	https://www.youtube.com/watch?v=Wtt5uC4HWAA
PLncHg6Kn2JT6E38Z3kit9Hnif1xC_9VqI	Khóa học Fullstack SERN (SQL, Express.js, React.js, Node.js) Web Developer  Miễn Phí với Hỏi Dân IT	030	B4sy3DL4IX0	#21 Kết Nối Tới MySQL Database với Sequelize - Render Dữ Liệu Ra View | Cấu hình cho Node.JS phần 3	https://www.youtube.com/watch?v=B4sy3DL4IX0
PLncHg6Kn2JT6E38Z3kit9Hnif1xC_9VqI	Khóa học Fullstack SERN (SQL, Express.js, React.js, Node.js) Web Developer  Miễn Phí với Hỏi Dân IT	031	Lzu2Weq8edE	#22 Database Analysis of Medical Appointment Backend Project | Node.JS Configuration Part 4	https://www.youtube.com/watch?v=Lzu2Weq8edE
PLncHg6Kn2JT6E38Z3kit9Hnif1xC_9VqI	Khóa học Fullstack SERN (SQL, Express.js, React.js, Node.js) Web Developer  Miễn Phí với Hỏi Dân IT	032	_YEKpvabzCQ	#23 Creating All Models, Migrations, and Seeders for the Medical Appointment Booking Project - Pa...	https://www.youtube.com/watch?v=_YEKpvabzCQ
PLncHg6Kn2JT6E38Z3kit9Hnif1xC_9VqI	Khóa học Fullstack SERN (SQL, Express.js, React.js, Node.js) Web Developer  Miễn Phí với Hỏi Dân IT	033	QQZo_ktx0hU	#24 Creating All Models, Migrations, and Seeders for the Appointment Scheduling Project - Part 2	https://www.youtube.com/watch?v=QQZo_ktx0hU
PLncHg6Kn2JT6E38Z3kit9Hnif1xC_9VqI	Khóa học Fullstack SERN (SQL, Express.js, React.js, Node.js) Web Developer  Miễn Phí với Hỏi Dân IT	034	ExIXyILeOyc	#25 CRUD với Node.js và Sequelize - Sử Dụng ORM Để Tạo Dữ Liệu Mới Vào Database (Create) - Phần 1	https://www.youtube.com/watch?v=ExIXyILeOyc
PLncHg6Kn2JT6E38Z3kit9Hnif1xC_9VqI	Khóa học Fullstack SERN (SQL, Express.js, React.js, Node.js) Web Developer  Miễn Phí với Hỏi Dân IT	035	aBKOMmItvpQ	#26 CRUD with Node.js and Sequelize - Using ORM to Display Data (Read) - Part 2	https://www.youtube.com/watch?v=aBKOMmItvpQ
PLncHg6Kn2JT6E38Z3kit9Hnif1xC_9VqI	Khóa học Fullstack SERN (SQL, Express.js, React.js, Node.js) Web Developer  Miễn Phí với Hỏi Dân IT	036	OvtT3pafVl4	#27 CRUD với Node.js và Sequelize - Sử Dụng ORM Để  Sửa Dữ liệu (Edit) - Phần 3	https://www.youtube.com/watch?v=OvtT3pafVl4
PLncHg6Kn2JT6E38Z3kit9Hnif1xC_9VqI	Khóa học Fullstack SERN (SQL, Express.js, React.js, Node.js) Web Developer  Miễn Phí với Hỏi Dân IT	037	Yc1IHjNY8XI	#28 CRUD với Node.js và Sequelize - Sử Dụng ORM Để  Xóa Dữ liệu (Delete) - Phần 4	https://www.youtube.com/watch?v=Yc1IHjNY8XI
PLncHg6Kn2JT6E38Z3kit9Hnif1xC_9VqI	Khóa học Fullstack SERN (SQL, Express.js, React.js, Node.js) Web Developer  Miễn Phí với Hỏi Dân IT	038	L3Z4KfyCZOI	#29 Concepts Cover - APIs, JSON, Object Javascript Là Gì ? Hướng Dẫn Cài Đặt Postman Để Test APIs	https://www.youtube.com/watch?v=L3Z4KfyCZOI
PLncHg6Kn2JT6E38Z3kit9Hnif1xC_9VqI	Khóa học Fullstack SERN (SQL, Express.js, React.js, Node.js) Web Developer  Miễn Phí với Hỏi Dân IT	039	GZlhiKGkSRc	#30 Tổng Quan Về Các Frameworks Frontend - Tại Sao Mình Lại Lựa Chọn React.js ???	https://www.youtube.com/watch?v=GZlhiKGkSRc
PLncHg6Kn2JT6E38Z3kit9Hnif1xC_9VqI	Khóa học Fullstack SERN (SQL, Express.js, React.js, Node.js) Web Developer  Miễn Phí với Hỏi Dân IT	040	ccjKHLyo4lM	#30.1 Cách Cấu Hình và Sử Dụng Nhiều Phiên Bản Của Node.JS Song Song Trên Cùng Một Máy Tính	https://www.youtube.com/watch?v=ccjKHLyo4lM
PLncHg6Kn2JT6E38Z3kit9Hnif1xC_9VqI	Khóa học Fullstack SERN (SQL, Express.js, React.js, Node.js) Web Developer  Miễn Phí với Hỏi Dân IT	041	bUGG6WjiMFI	#31 Cài Đặt Tổng Quan Dự Án Frontend React.JS Từ Github	https://www.youtube.com/watch?v=bUGG6WjiMFI
PLncHg6Kn2JT6E38Z3kit9Hnif1xC_9VqI	Khóa học Fullstack SERN (SQL, Express.js, React.js, Node.js) Web Developer  Miễn Phí với Hỏi Dân IT	042	AAAKXp2wa-0	#32 Explaining React.JS Project Structure | Things You Need to Know Before Following This Course	https://www.youtube.com/watch?v=AAAKXp2wa-0
PLncHg6Kn2JT6E38Z3kit9Hnif1xC_9VqI	Khóa học Fullstack SERN (SQL, Express.js, React.js, Node.js) Web Developer  Miễn Phí với Hỏi Dân IT	043	W8vG4iOY8Hc	#33 Tạo Form Login Responsive Với React.js | React Cho Người Mới Bắt Đầu	https://www.youtube.com/watch?v=W8vG4iOY8Hc
PLncHg6Kn2JT6E38Z3kit9Hnif1xC_9VqI	Khóa học Fullstack SERN (SQL, Express.js, React.js, Node.js) Web Developer  Miễn Phí với Hỏi Dân IT	044	rgSgSe1QUqU	#34 Using State and How to Handle Events OnClick, OnChange with React | React.JS for Beginners	https://www.youtube.com/watch?v=rgSgSe1QUqU
PLncHg6Kn2JT6E38Z3kit9Hnif1xC_9VqI	Khóa học Fullstack SERN (SQL, Express.js, React.js, Node.js) Web Developer  Miễn Phí với Hỏi Dân IT	045	YqAU7T-BoDE	#35  Viết APIs "Chuẩn MEN" với Node.js | Cách viết REST APIs cho Người Mới Bắt Đầu	https://www.youtube.com/watch?v=YqAU7T-BoDE
PLncHg6Kn2JT6E38Z3kit9Hnif1xC_9VqI	Khóa học Fullstack SERN (SQL, Express.js, React.js, Node.js) Web Developer  Miễn Phí với Hỏi Dân IT	046	L0FjAsV-sZo	#35.1 Fixing User Login Errors | Full-Stack Node.js and React.js for Beginners A to Z	https://www.youtube.com/watch?v=L0FjAsV-sZo
PLncHg6Kn2JT6E38Z3kit9Hnif1xC_9VqI	Khóa học Fullstack SERN (SQL, Express.js, React.js, Node.js) Web Developer  Miễn Phí với Hỏi Dân IT	047	PLY0jr90DmI	#36 Hoàn Thiện Chức Năng Đăng Nhập Kết Hợp React.Js Và Node.js | React Cho Người Mới Bắt Đầu	https://www.youtube.com/watch?v=PLY0jr90DmI
PLncHg6Kn2JT6E38Z3kit9Hnif1xC_9VqI	Khóa học Fullstack SERN (SQL, Express.js, React.js, Node.js) Web Developer  Miễn Phí với Hỏi Dân IT	048	pgZev-Y15EM	#37 CRUD với ReactJS Phần 1 - Viết API Lấy Tất Cả Thông Tin Người Dùng | React Cho Người Mới Bắt Đầu	https://www.youtube.com/watch?v=pgZev-Y15EM
PLncHg6Kn2JT6E38Z3kit9Hnif1xC_9VqI	Khóa học Fullstack SERN (SQL, Express.js, React.js, Node.js) Web Developer  Miễn Phí với Hỏi Dân IT	049	zkgU2bRFpaQ	#38 CRUD với React 2  - Hiển Thị Dữ Liệu Người Dùng Ra View (READ) | React Cho Người Mới Bắt Đầu	https://www.youtube.com/watch?v=zkgU2bRFpaQ
PLncHg6Kn2JT6E38Z3kit9Hnif1xC_9VqI	Khóa học Fullstack SERN (SQL, Express.js, React.js, Node.js) Web Developer  Miễn Phí với Hỏi Dân IT	050	due4C4J53gs	#39 CRUD với React 3 | Viết API Thêm, Sửa, Xóa Người Dùng | React.JS Cho Người Mới Bắt Đầu	https://www.youtube.com/watch?v=due4C4J53gs
PLncHg6Kn2JT6E38Z3kit9Hnif1xC_9VqI	Khóa học Fullstack SERN (SQL, Express.js, React.js, Node.js) Web Developer  Miễn Phí với Hỏi Dân IT	051	Bk_hcGYCuAs	#40 CRUD React 4 - Design Modal Thêm Mới Người Dùng Với Reactstrap | React.JS Cho Người Mới Bắt Đầu	https://www.youtube.com/watch?v=Bk_hcGYCuAs
PLncHg6Kn2JT6E38Z3kit9Hnif1xC_9VqI	Khóa học Fullstack SERN (SQL, Express.js, React.js, Node.js) Web Developer  Miễn Phí với Hỏi Dân IT	052	jOCMOrUF6GY	#41 CRUD React 5 - Thêm Mới Người Dùng (CREATE) | React.JS Cho Người Mới Bắt Đầu	https://www.youtube.com/watch?v=jOCMOrUF6GY
PLncHg6Kn2JT6E38Z3kit9Hnif1xC_9VqI	Khóa học Fullstack SERN (SQL, Express.js, React.js, Node.js) Web Developer  Miễn Phí với Hỏi Dân IT	053	JOD8VcIT774	#42 CRUD React 6 - Xóa Users (DELETE) và Sử Dụng Emitter bắn Event | React.JS Cho Người Mới Bắt Đầu	https://www.youtube.com/watch?v=JOD8VcIT774
PLncHg6Kn2JT6E38Z3kit9Hnif1xC_9VqI	Khóa học Fullstack SERN (SQL, Express.js, React.js, Node.js) Web Developer  Miễn Phí với Hỏi Dân IT	054	3os8VRQRSI0	#43 CRUD React 7 - Cập Nhật Thông Tin User (UPDATE) | React.JS Cho Người Mới Bắt Đầu	https://www.youtube.com/watch?v=3os8VRQRSI0
PLncHg6Kn2JT6E38Z3kit9Hnif1xC_9VqI	Khóa học Fullstack SERN (SQL, Express.js, React.js, Node.js) Web Developer  Miễn Phí với Hỏi Dân IT	055	chuyIdb2AQ4	#44 Phân Tích Các Bước Design Giao Diện & Design Header | Clone Giao Diện BookingCare Phần 1	https://www.youtube.com/watch?v=chuyIdb2AQ4
PLncHg6Kn2JT6E38Z3kit9Hnif1xC_9VqI	Khóa học Fullstack SERN (SQL, Express.js, React.js, Node.js) Web Developer  Miễn Phí với Hỏi Dân IT	056	o4ihDQSndUI	#45 Design Banner - Clone BookingCare Phần 2 | React.JS Cho Người Mới Bắt Đầu	https://www.youtube.com/watch?v=o4ihDQSndUI
PLncHg6Kn2JT6E38Z3kit9Hnif1xC_9VqI	Khóa học Fullstack SERN (SQL, Express.js, React.js, Node.js) Web Developer  Miễn Phí với Hỏi Dân IT	057	ye4dgh25Yvg	#46 Hoàn Tất Giao Diện Header Đa Ngôn Ngữ - Clone BookingCare 3 | React.JS Cho Người Mới Bắt Đầu	https://www.youtube.com/watch?v=ye4dgh25Yvg
PLncHg6Kn2JT6E38Z3kit9Hnif1xC_9VqI	Khóa học Fullstack SERN (SQL, Express.js, React.js, Node.js) Web Developer  Miễn Phí với Hỏi Dân IT	058	h7awkBIMUMM	#47 Sử Dụng Redux Để Chuyển Đổi Ngôn Ngữ Trong React App | React.JS Cho Người Mới Bắt Đầu	https://www.youtube.com/watch?v=h7awkBIMUMM
PLncHg6Kn2JT6E38Z3kit9Hnif1xC_9VqI	Khóa học Fullstack SERN (SQL, Express.js, React.js, Node.js) Web Developer  Miễn Phí với Hỏi Dân IT	059	svYhNuO1bwM	#48 Tích Hợp Thư Viện React-Slider-Carousel Trong React App | React.JS Cho Người Mới Bắt Đầu	https://www.youtube.com/watch?v=svYhNuO1bwM
PLncHg6Kn2JT6E38Z3kit9Hnif1xC_9VqI	Khóa học Fullstack SERN (SQL, Express.js, React.js, Node.js) Web Developer  Miễn Phí với Hỏi Dân IT	060	tyIAxLU07os	#49 Customize Tùy Chỉnh React-Slider-Carousel Trong React App | React.JS Cho Người Mới Bắt Đầu	https://www.youtube.com/watch?v=tyIAxLU07os
PLncHg6Kn2JT6E38Z3kit9Hnif1xC_9VqI	Khóa học Fullstack SERN (SQL, Express.js, React.js, Node.js) Web Developer  Miễn Phí với Hỏi Dân IT	061	ubIpPPoTapA	#50 Hoàn Thiện Giao Diện Clone BookingCare.vn 3 | React.JS Cho Người Mới Bắt Đầu	https://www.youtube.com/watch?v=ubIpPPoTapA
PLncHg6Kn2JT6E38Z3kit9Hnif1xC_9VqI	Khóa học Fullstack SERN (SQL, Express.js, React.js, Node.js) Web Developer  Miễn Phí với Hỏi Dân IT	062	147SkAVXEqM	#51 Kết Thúc Design Giao Diện Clone BookingCare.vn 4 | React.JS Cho Người Mới Bắt Đầu	https://www.youtube.com/watch?v=147SkAVXEqM
PLncHg6Kn2JT6E38Z3kit9Hnif1xC_9VqI	Khóa học Fullstack SERN (SQL, Express.js, React.js, Node.js) Web Developer  Miễn Phí với Hỏi Dân IT	063	wL5AHYJZpCU	#52 Import Data Từ EXCEL Và Viết API GET ALLCODE | Node.JS Cho Người Mới Bắt Đầu	https://www.youtube.com/watch?v=wL5AHYJZpCU
PLncHg6Kn2JT6E38Z3kit9Hnif1xC_9VqI	Khóa học Fullstack SERN (SQL, Express.js, React.js, Node.js) Web Developer  Miễn Phí với Hỏi Dân IT	064	o9vXE_UUyCk	#53 Customize Header Admin Hiển Thị Đa Ngôn Ngữ | Redux và React.JS cho Người Mới Bắt Đầu	https://www.youtube.com/watch?v=o9vXE_UUyCk
PLncHg6Kn2JT6E38Z3kit9Hnif1xC_9VqI	Khóa học Fullstack SERN (SQL, Express.js, React.js, Node.js) Web Developer  Miễn Phí với Hỏi Dân IT	065	jvZmVkWJphI	#54 Phép Màu Khiến Redux Là Lựa Chọn Number 1 với React App | React - Redux cho người mới bắt đầu	https://www.youtube.com/watch?v=jvZmVkWJphI
PLncHg6Kn2JT6E38Z3kit9Hnif1xC_9VqI	Khóa học Fullstack SERN (SQL, Express.js, React.js, Node.js) Web Developer  Miễn Phí với Hỏi Dân IT	066	Pb2DyLF8ZvU	#55 Hoàn Thiện Menu Phân Quyền Dành Cho Admin | Redux-React Cho Người Mới Bắt Đầu	https://www.youtube.com/watch?v=Pb2DyLF8ZvU
PLncHg6Kn2JT6E38Z3kit9Hnif1xC_9VqI	Khóa học Fullstack SERN (SQL, Express.js, React.js, Node.js) Web Developer  Miễn Phí với Hỏi Dân IT	067	le5OxvlSqeA	#56 Design Responsive Form Tạo Mới Người Dùng Đa Ngôn Ngữ | Redux-React Cho Người Mới Bắt Đầu	https://www.youtube.com/watch?v=le5OxvlSqeA
PLncHg6Kn2JT6E38Z3kit9Hnif1xC_9VqI	Khóa học Fullstack SERN (SQL, Express.js, React.js, Node.js) Web Developer  Miễn Phí với Hỏi Dân IT	068	ZJD73jvuTjU	#57 Thực Hành Sử Dụng Redux Siêu Dễ Trong Dự Án React Phần 1 | Redux-React Cho Người Mới Bắt Đầu	https://www.youtube.com/watch?v=ZJD73jvuTjU
PLncHg6Kn2JT6E38Z3kit9Hnif1xC_9VqI	Khóa học Fullstack SERN (SQL, Express.js, React.js, Node.js) Web Developer  Miễn Phí với Hỏi Dân IT	069	Abtnff5piHA	#58 Hoàn Tất Form Tạo Người Dùng Với Redux &Thêm Preview Image | Redux-React Cho Người Mới Bắt Đầu	https://www.youtube.com/watch?v=Abtnff5piHA
PLncHg6Kn2JT6E38Z3kit9Hnif1xC_9VqI	Khóa học Fullstack SERN (SQL, Express.js, React.js, Node.js) Web Developer  Miễn Phí với Hỏi Dân IT	070	2rJSCXSWncQ	#59 Debugs Redux Từ A đến Z và Thực Hiện CRUD Với Redux - CREATE | Redux-React Cho Người Mới Bắt Đầu	https://www.youtube.com/watch?v=2rJSCXSWncQ
PLncHg6Kn2JT6E38Z3kit9Hnif1xC_9VqI	Khóa học Fullstack SERN (SQL, Express.js, React.js, Node.js) Web Developer  Miễn Phí với Hỏi Dân IT	071	NKY0-fl98hc	#60 Lấy Danh Sách Users và Xóa Users Với Redux - READ, DELETE | Redux-React Cho Người Mới Bắt Đầu	https://www.youtube.com/watch?v=NKY0-fl98hc
PLncHg6Kn2JT6E38Z3kit9Hnif1xC_9VqI	Khóa học Fullstack SERN (SQL, Express.js, React.js, Node.js) Web Developer  Miễn Phí với Hỏi Dân IT	072	729pFHHvAA4	#61 Hoàn Tất CRUD Users Với React - Auto Fill Thông Tin EDIT | Redux-React Cho Người Mới Bắt Đầu	https://www.youtube.com/watch?v=729pFHHvAA4
PLncHg6Kn2JT6E38Z3kit9Hnif1xC_9VqI	Khóa học Fullstack SERN (SQL, Express.js, React.js, Node.js) Web Developer  Miễn Phí với Hỏi Dân IT	073	MQyl_M-z3c4	#62 WRITE & READ FILE IMAGE với Sequelize và MySQL BLOB | Redux-React Cho Người Mới Bắt Đầu	https://www.youtube.com/watch?v=MQyl_M-z3c4
PLncHg6Kn2JT6E38Z3kit9Hnif1xC_9VqI	Khóa học Fullstack SERN (SQL, Express.js, React.js, Node.js) Web Developer  Miễn Phí với Hỏi Dân IT	074	2Qve3S8gg0U	#63 Load Động Thông Tin Bác Sĩ Nổi Bật Tuần Qua Theo Database | Redux - React Cho Người Mới Bắt Đầu	https://www.youtube.com/watch?v=2Qve3S8gg0U
PLncHg6Kn2JT6E38Z3kit9Hnif1xC_9VqI	Khóa học Fullstack SERN (SQL, Express.js, React.js, Node.js) Web Developer  Miễn Phí với Hỏi Dân IT	075	-1V9Vo2-9rk	#64 Tạo Data Hoàn Tất Section Bác Sĩ Nổi Bật Trong Tuần | Redux-React Cho Người Mới Bắt Đầu	https://www.youtube.com/watch?v=-1V9Vo2-9rk
PLncHg6Kn2JT6E38Z3kit9Hnif1xC_9VqI	Khóa học Fullstack SERN (SQL, Express.js, React.js, Node.js) Web Developer  Miễn Phí với Hỏi Dân IT	076	T46iOKRPiVk	#65 Cài Đặt Và Sử Dụng Markdown Editor - Host Ảnh Free Với Github |  React Cho Người Mới Bắt Đầu	https://www.youtube.com/watch?v=T46iOKRPiVk
PLncHg6Kn2JT6E38Z3kit9Hnif1xC_9VqI	Khóa học Fullstack SERN (SQL, Express.js, React.js, Node.js) Web Developer  Miễn Phí với Hỏi Dân IT	077	30QARBs2epM	#66 Design Giao Diện Bổ Sung Thông Tin Chi Tiết Cho Bác Sỹ | Redux-React Cho Người Mới Bắt Đầu	https://www.youtube.com/watch?v=30QARBs2epM
PLncHg6Kn2JT6E38Z3kit9Hnif1xC_9VqI	Khóa học Fullstack SERN (SQL, Express.js, React.js, Node.js) Web Developer  Miễn Phí với Hỏi Dân IT	078	rpTfMMQqZq8	#67 Hoàn Thiện Chứa Năng Bổ Sung Thông Tin Chi Tiết Cho Bác Sỹ | Redux-React Cho Người Mới Bắt Đầu	https://www.youtube.com/watch?v=rpTfMMQqZq8
PLncHg6Kn2JT6E38Z3kit9Hnif1xC_9VqI	Khóa học Fullstack SERN (SQL, Express.js, React.js, Node.js) Web Developer  Miễn Phí với Hỏi Dân IT	079	t_cedTldfjs	#68 Sequelize Relationship - Tìm Hiểu Quan Hệ Giữa Các Model & Database |React Cho Người Mới Bắt Đầu	https://www.youtube.com/watch?v=t_cedTldfjs
PLncHg6Kn2JT6E38Z3kit9Hnif1xC_9VqI	Khóa học Fullstack SERN (SQL, Express.js, React.js, Node.js) Web Developer  Miễn Phí với Hỏi Dân IT	080	tWPeRKHJHcM	#69 Tạo Giao Diện Trang Xem Chi Tiết Thông Tin Bác Sĩ Phía Client |React-Redux Cho Người Mới Bắt Đầu	https://www.youtube.com/watch?v=tWPeRKHJHcM
PLncHg6Kn2JT6E38Z3kit9Hnif1xC_9VqI	Khóa học Fullstack SERN (SQL, Express.js, React.js, Node.js) Web Developer  Miễn Phí với Hỏi Dân IT	081	PNOz6IW3APU	#70 Hoàn Thiện Section Xem Chi Tiết Thông Tin Bác Sỹ | Redux - React Cho Người Mới Bắt Đầu	https://www.youtube.com/watch?v=PNOz6IW3APU
PLncHg6Kn2JT6E38Z3kit9Hnif1xC_9VqI	Khóa học Fullstack SERN (SQL, Express.js, React.js, Node.js) Web Developer  Miễn Phí với Hỏi Dân IT	082	8E50toI2OyM	#71 Tạo Menu Phân Quyền Người Dùng Khi Đăng Nhập | Redux - React.JS Cho Người Mới Bắt Đầu	https://www.youtube.com/watch?v=8E50toI2OyM
PLncHg6Kn2JT6E38Z3kit9Hnif1xC_9VqI	Khóa học Fullstack SERN (SQL, Express.js, React.js, Node.js) Web Developer  Miễn Phí với Hỏi Dân IT	083	y0ZDlyQLg3k	#72 Design Giao Diện Chức Năng Tạo Lịch Hẹn Khám Bệnh | Redux - React Cho Người Mới Bắt Đầu	https://www.youtube.com/watch?v=y0ZDlyQLg3k
PLncHg6Kn2JT6E38Z3kit9Hnif1xC_9VqI	Khóa học Fullstack SERN (SQL, Express.js, React.js, Node.js) Web Developer  Miễn Phí với Hỏi Dân IT	084	fecdUEto2kU	#73 Thêm Hiệu Ứng Chọn/Bỏ Và Xử Lý Dữ Liệu Tạo Lịch Khám Bệnh | Redux-React Cho Người Mới Bắt Đầu	https://www.youtube.com/watch?v=fecdUEto2kU
PLncHg6Kn2JT6E38Z3kit9Hnif1xC_9VqI	Khóa học Fullstack SERN (SQL, Express.js, React.js, Node.js) Web Developer  Miễn Phí với Hỏi Dân IT	085	6zIhotW3RmE	#74 BulkCreate Với Sequelize - Lưu Array Dữ Liệu Lịch Khám Bệnh In One  |React Cho Người Mới Bắt Đầu	https://www.youtube.com/watch?v=6zIhotW3RmE
PLncHg6Kn2JT6E38Z3kit9Hnif1xC_9VqI	Khóa học Fullstack SERN (SQL, Express.js, React.js, Node.js) Web Developer  Miễn Phí với Hỏi Dân IT	086	0bnzUwz42j0	#75 Tạo Base Component Chọn Lịch Khám Bệnh và Load Dữ Liệu | Redux - React Cho Người Mới Bắt Đầu	https://www.youtube.com/watch?v=0bnzUwz42j0
PLncHg6Kn2JT6E38Z3kit9Hnif1xC_9VqI	Khóa học Fullstack SERN (SQL, Express.js, React.js, Node.js) Web Developer  Miễn Phí với Hỏi Dân IT	087	JpNlj9wqTQk	#76 Load Động Data Chọn Lịch Khám Bệnh Theo Thời Gian Ngày Tạo | Redux - React Cho Người Mới Bắt Đầu	https://www.youtube.com/watch?v=JpNlj9wqTQk
PLncHg6Kn2JT6E38Z3kit9Hnif1xC_9VqI	Khóa học Fullstack SERN (SQL, Express.js, React.js, Node.js) Web Developer  Miễn Phí với Hỏi Dân IT	088	LGy4_z9h4EQ	#77 Hoàn Thiện Component Chọn Lịch Khám Bệnh | React - Redux Cho Người Mới Bắt Đầu	https://www.youtube.com/watch?v=LGy4_z9h4EQ
PLncHg6Kn2JT6E38Z3kit9Hnif1xC_9VqI	Khóa học Fullstack SERN (SQL, Express.js, React.js, Node.js) Web Developer  Miễn Phí với Hỏi Dân IT	089	_uNqHi_AFo0	#78 Thêm Giao Diện Lưu Thông Tin Bác Sĩ và Table Doctor Infor | Redux - React Cho Người Mới Bắt Đầu	https://www.youtube.com/watch?v=_uNqHi_AFo0
PLncHg6Kn2JT6E38Z3kit9Hnif1xC_9VqI	Khóa học Fullstack SERN (SQL, Express.js, React.js, Node.js) Web Developer  Miễn Phí với Hỏi Dân IT	090	NG5eQBIkxnA	#79 Upsert Thông Tin Bác Sĩ vào Table Doctor Infor | Redux - React Cho Người Mới Bắt Đầu	https://www.youtube.com/watch?v=NG5eQBIkxnA
PLncHg6Kn2JT6E38Z3kit9Hnif1xC_9VqI	Khóa học Fullstack SERN (SQL, Express.js, React.js, Node.js) Web Developer  Miễn Phí với Hỏi Dân IT	091	AFdgJHT_VVw	#80 Design Giao Diện Hiển Thị Thông Tin Khám Bệnh Của Bác Sĩ | Redux - React Cho Người Mới Bắt Đầu	https://www.youtube.com/watch?v=AFdgJHT_VVw
PLncHg6Kn2JT6E38Z3kit9Hnif1xC_9VqI	Khóa học Fullstack SERN (SQL, Express.js, React.js, Node.js) Web Developer  Miễn Phí với Hỏi Dân IT	092	ot2bpXA_rIw	#81 Hoàn Thiện Component Thông Tin Khám Bệnh Của Bác Sĩ | Redux - React Cho Người Mới Bắt Đầu	https://www.youtube.com/watch?v=ot2bpXA_rIw
PLncHg6Kn2JT6E38Z3kit9Hnif1xC_9VqI	Khóa học Fullstack SERN (SQL, Express.js, React.js, Node.js) Web Developer  Miễn Phí với Hỏi Dân IT	093	iO5IjzFUCNk	#82 Tạo Customize Modal Đặt Lịch Khám Bệnh | Redux - React Cho Người Mới Bắt Đầu	https://www.youtube.com/watch?v=iO5IjzFUCNk
PLncHg6Kn2JT6E38Z3kit9Hnif1xC_9VqI	Khóa học Fullstack SERN (SQL, Express.js, React.js, Node.js) Web Developer  Miễn Phí với Hỏi Dân IT	094	tLQoU08BcU8	#83 Viết API Load Động Thông Tin Bác Sĩ Khi Đặt Lịch Khám Bệnh | Redux - React Cho Người Mới Bắt Đầu	https://www.youtube.com/watch?v=tLQoU08BcU8
PLncHg6Kn2JT6E38Z3kit9Hnif1xC_9VqI	Khóa học Fullstack SERN (SQL, Express.js, React.js, Node.js) Web Developer  Miễn Phí với Hỏi Dân IT	095	F5pDDnYd_TU	#84 Sử Dụng Sequelize findOrCreate Để Lưu Thông Tin Đặt Lịch Khám Bệnh | Redux - React Cho Người Mới	https://www.youtube.com/watch?v=F5pDDnYd_TU
PLncHg6Kn2JT6E38Z3kit9Hnif1xC_9VqI	Khóa học Fullstack SERN (SQL, Express.js, React.js, Node.js) Web Developer  Miễn Phí với Hỏi Dân IT	096	BJC71k-ccNk	#85 Hoàn Thiện Chức Năng Đặt Lịch Khám Bệnh Cho Bệnh Nhân | Redux - Redux Cho Người Mới Bắt Đầu	https://www.youtube.com/watch?v=BJC71k-ccNk
PLncHg6Kn2JT6E38Z3kit9Hnif1xC_9VqI	Khóa học Fullstack SERN (SQL, Express.js, React.js, Node.js) Web Developer  Miễn Phí với Hỏi Dân IT	097	0GL--Adfqhc	#86 Configuring Appointment Booking Email Notifications with NodeMailer | Redux - React for Begin...	https://www.youtube.com/watch?v=0GL--Adfqhc
PLncHg6Kn2JT6E38Z3kit9Hnif1xC_9VqI	Khóa học Fullstack SERN (SQL, Express.js, React.js, Node.js) Web Developer  Miễn Phí với Hỏi Dân IT	098	vQm21QC_6YA	#87 Customize Data Gửi Email Đặt Lịch Khám Bệnh Với NodeMailer | Redux - React Cho Người Mới Bắt Đầu	https://www.youtube.com/watch?v=vQm21QC_6YA
PLncHg6Kn2JT6E38Z3kit9Hnif1xC_9VqI	Khóa học Fullstack SERN (SQL, Express.js, React.js, Node.js) Web Developer  Miễn Phí với Hỏi Dân IT	099	s2erMxc8NWg	#88 Xử Lý API Xác Nhận Lịch Hẹn Khám Bệnh Qua Email | Redux - React Cho Người Mới Bắt Đầu	https://www.youtube.com/watch?v=s2erMxc8NWg
PLncHg6Kn2JT6E38Z3kit9Hnif1xC_9VqI	Khóa học Fullstack SERN (SQL, Express.js, React.js, Node.js) Web Developer  Miễn Phí với Hỏi Dân IT	100	ho_jYVYvGnU	#89 Completing the Email Appointment Confirmation Functionality | Redux - React for Beginners	https://www.youtube.com/watch?v=ho_jYVYvGnU
PLncHg6Kn2JT6E38Z3kit9Hnif1xC_9VqI	Khóa học Fullstack SERN (SQL, Express.js, React.js, Node.js) Web Developer  Miễn Phí với Hỏi Dân IT	101	L1S6O69jS4U	#90 Tạo Chức Năng Thêm Chuyên Ngành Khám Bệnh | React - Redux Cho Người Mới Bắt Đầu	https://www.youtube.com/watch?v=L1S6O69jS4U
PLncHg6Kn2JT6E38Z3kit9Hnif1xC_9VqI	Khóa học Fullstack SERN (SQL, Express.js, React.js, Node.js) Web Developer  Miễn Phí với Hỏi Dân IT	102	XVDsiRP1PqM	#91 Thêm Dữ Liệu Danh Sách Chuyên Khoa Khám Bệnh | Redux - React Cho Người Mới Bắt Đầu	https://www.youtube.com/watch?v=XVDsiRP1PqM
PLncHg6Kn2JT6E38Z3kit9Hnif1xC_9VqI	Khóa học Fullstack SERN (SQL, Express.js, React.js, Node.js) Web Developer  Miễn Phí với Hỏi Dân IT	103	j7jaN3bw8h8	#92 Thêm Component Chi Tiết Chuyên Khoa Khám Bệnh | Redux - React Cho Người Mới Bắt Đầu	https://www.youtube.com/watch?v=j7jaN3bw8h8
PLncHg6Kn2JT6E38Z3kit9Hnif1xC_9VqI	Khóa học Fullstack SERN (SQL, Express.js, React.js, Node.js) Web Developer  Miễn Phí với Hỏi Dân IT	104	upHE0VzSzLk	#93 Design Functional Interface View Details Specialty | Redux - React For Beginners	https://www.youtube.com/watch?v=upHE0VzSzLk
PLncHg6Kn2JT6E38Z3kit9Hnif1xC_9VqI	Khóa học Fullstack SERN (SQL, Express.js, React.js, Node.js) Web Developer  Miễn Phí với Hỏi Dân IT	105	Ifcx2hvX7nE	#94 Load Động Data Section Xem Chi Tiết Chuyên Khoa | Redux - React Cho Người Mới Bắt Đầu	https://www.youtube.com/watch?v=Ifcx2hvX7nE
PLncHg6Kn2JT6E38Z3kit9Hnif1xC_9VqI	Khóa học Fullstack SERN (SQL, Express.js, React.js, Node.js) Web Developer  Miễn Phí với Hỏi Dân IT	106	gML4TJuDaLs	#95 Completing the Specialty Details View Feature | Redux - React for Beginners	https://www.youtube.com/watch?v=gML4TJuDaLs
PLncHg6Kn2JT6E38Z3kit9Hnif1xC_9VqI	Khóa học Fullstack SERN (SQL, Express.js, React.js, Node.js) Web Developer  Miễn Phí với Hỏi Dân IT	107	2y6injW8MMU	#96 Creating Medical Facilities/Clinics Data | Redux - React For Beginners	https://www.youtube.com/watch?v=2y6injW8MMU
PLncHg6Kn2JT6E38Z3kit9Hnif1xC_9VqI	Khóa học Fullstack SERN (SQL, Express.js, React.js, Node.js) Web Developer  Miễn Phí với Hỏi Dân IT	108	b_7rn4Stm7Y	#97 Hoàn Thiện Chức Năng Xem Chi Tiết Phòng Khám và Cơ Sở Y Tế | Redux - React Cho Người Mới Bắt Đầu	https://www.youtube.com/watch?v=b_7rn4Stm7Y
PLncHg6Kn2JT6E38Z3kit9Hnif1xC_9VqI	Khóa học Fullstack SERN (SQL, Express.js, React.js, Node.js) Web Developer  Miễn Phí với Hỏi Dân IT	109	e9gm0vNbGAE	#98 Create a Base Interface for Managing Doctor's Appointment List | React For Beginners	https://www.youtube.com/watch?v=e9gm0vNbGAE
PLncHg6Kn2JT6E38Z3kit9Hnif1xC_9VqI	Khóa học Fullstack SERN (SQL, Express.js, React.js, Node.js) Web Developer  Miễn Phí với Hỏi Dân IT	110	O35CxLRnFQA	#99 Hiển Thị Danh Sách Bệnh Nhân Đặt Lịch Khám Bệnh Cho Bác Sỹ | Redux - React Cho Người Mới Bắt Đầu	https://www.youtube.com/watch?v=O35CxLRnFQA
PLncHg6Kn2JT6E38Z3kit9Hnif1xC_9VqI	Khóa học Fullstack SERN (SQL, Express.js, React.js, Node.js) Web Developer  Miễn Phí với Hỏi Dân IT	111	JOb8lBKd1Jg	#100 Hoàn Thiện Chức Năng Quản Lý Lịch Hẹn Bác Sĩ - Gửi Hóa Đơn Khám Bệnh | React Cho Người Mới	https://www.youtube.com/watch?v=JOb8lBKd1Jg
PLncHg6Kn2JT6E38Z3kit9Hnif1xC_9VqI	Khóa học Fullstack SERN (SQL, Express.js, React.js, Node.js) Web Developer  Miễn Phí với Hỏi Dân IT	112	o9d4tK0D_lg	#101 Tích Hợp Like, Share Buttons và Comments Facebook Vào Dự Án |  React Cho Người Mới Bắt Đầu	https://www.youtube.com/watch?v=o9d4tK0D_lg
PLncHg6Kn2JT6E38Z3kit9Hnif1xC_9VqI	Khóa học Fullstack SERN (SQL, Express.js, React.js, Node.js) Web Developer  Miễn Phí với Hỏi Dân IT	113	-cg9dq-Jq2M	INTRODUCING FULLSTACK JWT SERIES - React & Node.JS | Learn Fullstack Javascript with Ask IT People	https://www.youtube.com/watch?v=-cg9dq-Jq2M
PLncHg6Kn2JT6E38Z3kit9Hnif1xC_9VqI	Khóa học Fullstack SERN (SQL, Express.js, React.js, Node.js) Web Developer  Miễn Phí với Hỏi Dân IT	114	HdDtXwpjSWw	How to Deploy a FullStack SERN Project to Production (Free & Paid) with Node.js and React	https://www.youtube.com/watch?v=HdDtXwpjSWw
PLncHg6Kn2JT6E38Z3kit9Hnif1xC_9VqI	Khóa học Fullstack SERN (SQL, Express.js, React.js, Node.js) Web Developer  Miễn Phí với Hỏi Dân IT	115	w946spjx_z0	Docker Practice 01 - Preparing Production Environment | Fullstack Course SERN clone Bookingcare	https://www.youtube.com/watch?v=w946spjx_z0
PLncHg6Kn2JT6E38Z3kit9Hnif1xC_9VqI	Khóa học Fullstack SERN (SQL, Express.js, React.js, Node.js) Web Developer  Miễn Phí với Hỏi Dân IT	116	PDt58n_hIKM	Docker Practice 02 - Build MySQL with Docker | SERN clone Bookingcare Fullstack Course	https://www.youtube.com/watch?v=PDt58n_hIKM
PLncHg6Kn2JT6E38Z3kit9Hnif1xC_9VqI	Khóa học Fullstack SERN (SQL, Express.js, React.js, Node.js) Web Developer  Miễn Phí với Hỏi Dân IT	117	3tD0zzYG_IU	Docker Practice 03 - Build Backend Node.JS with Docker | Fullstack Course SERN clone Bookingcare	https://www.youtube.com/watch?v=3tD0zzYG_IU
PLncHg6Kn2JT6E38Z3kit9Hnif1xC_9VqI	Khóa học Fullstack SERN (SQL, Express.js, React.js, Node.js) Web Developer  Miễn Phí với Hỏi Dân IT	118	L-Tzu2jT3Dw	Thực Hành Docker 04 - Build Backend Node.JS/MySQL với Docker Compose | Khóa Học Fullstack SERN	https://www.youtube.com/watch?v=L-Tzu2jT3Dw
PLncHg6Kn2JT6E38Z3kit9Hnif1xC_9VqI	Khóa học Fullstack SERN (SQL, Express.js, React.js, Node.js) Web Developer  Miễn Phí với Hỏi Dân IT	119	oGQqc9H0BG4	Docker Practice 05 - Build Frontend React for Production | Fullstack SERN Course clone Bookingcare	https://www.youtube.com/watch?v=oGQqc9H0BG4
PLncHg6Kn2JT6E38Z3kit9Hnif1xC_9VqI	Khóa học Fullstack SERN (SQL, Express.js, React.js, Node.js) Web Developer  Miễn Phí với Hỏi Dân IT	120	TMf0ha4AnKU	Thực Hành Docker 06 - Build Nginx chạy React Production | Khóa Học Fullstack SERN clone Bookingcare	https://www.youtube.com/watch?v=TMf0ha4AnKU
PLncHg6Kn2JT6E38Z3kit9Hnif1xC_9VqI	Khóa học Fullstack SERN (SQL, Express.js, React.js, Node.js) Web Developer  Miễn Phí với Hỏi Dân IT	121	cWQ3Kn1CU8s	Docker Practice 07 - Nginx Customize Fix Refresh React | Fullstack Course SERN clone Bookingcare	https://www.youtube.com/watch?v=cWQ3Kn1CU8s
PLncHg6Kn2JT6E38Z3kit9Hnif1xC_9VqI	Khóa học Fullstack SERN (SQL, Express.js, React.js, Node.js) Web Developer  Miễn Phí với Hỏi Dân IT	122	wcQz4gSbSms	Docker Practice 08 - Nginx/React/Node.JS/MySQL with Docker Compose | SERN Fullstack Course	https://www.youtube.com/watch?v=wcQz4gSbSms
PLncHg6Kn2JT6E38Z3kit9Hnif1xC_9VqI	Khóa học Fullstack SERN (SQL, Express.js, React.js, Node.js) Web Developer  Miễn Phí với Hỏi Dân IT	123	776UvQgrGzQ	Docker Practice 09 - Nginx Reverse Proxy with React/NodeJS using Docker | SERN Fullstack Course	https://www.youtube.com/watch?v=776UvQgrGzQ
PLncHg6Kn2JT6E38Z3kit9Hnif1xC_9VqI	Khóa học Fullstack SERN (SQL, Express.js, React.js, Node.js) Web Developer  Miễn Phí với Hỏi Dân IT	124	9qDw0fDPmfE	How to Buy Cheap Hosting to Run Websites with Docker | How to Save Money on VPS?	https://www.youtube.com/watch?v=9qDw0fDPmfE
PLncHg6Kn2JT6E38Z3kit9Hnif1xC_9VqI	Khóa học Fullstack SERN (SQL, Express.js, React.js, Node.js) Web Developer  Miễn Phí với Hỏi Dân IT	125	ePJAhJJQG7Q	Hướng Setup Docker Cho VPS Hosting với Ubuntu | Cài Đặt Docker trên Server	https://www.youtube.com/watch?v=ePJAhJJQG7Q
PLncHg6Kn2JT6E38Z3kit9Hnif1xC_9VqI	Khóa học Fullstack SERN (SQL, Express.js, React.js, Node.js) Web Developer  Miễn Phí với Hỏi Dân IT	126	D6rXJhHje3E	Thực Hành Docker 10 - Deploy Fullstack SERN Production | Nginx (React)/Node.JS/MySQL với Docker	https://www.youtube.com/watch?v=D6rXJhHje3E
PLncHg6Kn2JT6E38Z3kit9Hnif1xC_9VqI	Khóa học Fullstack SERN (SQL, Express.js, React.js, Node.js) Web Developer  Miễn Phí với Hỏi Dân IT	127	WvAznEDhCdE	Cài Đặt Database Postgres với pgAdmin Tại môi trường Local	https://www.youtube.com/watch?v=WvAznEDhCdE
PLncHg6Kn2JT6E38Z3kit9Hnif1xC_9VqI	Khóa học Fullstack SERN (SQL, Express.js, React.js, Node.js) Web Developer  Miễn Phí với Hỏi Dân IT	128	9yjVq9OEEdw	#103 [NEW] - Migrate Database MySQL sang Postgres | Khóa Học SERN - SQL, Express, React & Node.js	https://www.youtube.com/watch?v=9yjVq9OEEdw
PLncHg6Kn2JT6E38Z3kit9Hnif1xC_9VqI	Khóa học Fullstack SERN (SQL, Express.js, React.js, Node.js) Web Developer  Miễn Phí với Hỏi Dân IT	129	ZeuP2xEHTyI	#104 [NEW] - Chạy Backend Node.JS với Host Postgres | Khóa Học SERN - SQL, Express, React & Node.js	https://www.youtube.com/watch?v=ZeuP2xEHTyI
PLncHg6Kn2JT6E38Z3kit9Hnif1xC_9VqI	Khóa học Fullstack SERN (SQL, Express.js, React.js, Node.js) Web Developer  Miễn Phí với Hỏi Dân IT	130	NkulG9hH2LI	#105 [NEW] - Deploy app Node.JS với Render | Khóa Học SERN - SQL, Express, React & Node.js	https://www.youtube.com/watch?v=NkulG9hH2LI
PLncHg6Kn2JT6E38Z3kit9Hnif1xC_9VqI	Khóa học Fullstack SERN (SQL, Express.js, React.js, Node.js) Web Developer  Miễn Phí với Hỏi Dân IT	131	ncV0OEa9GoQ	#106 [NEW] - Deploy App React.JS với Vercel | Khóa Học SERN - SQL, Express, React & Node.js	https://www.youtube.com/watch?v=ncV0OEa9GoQ
PLncHg6Kn2JT6E38Z3kit9Hnif1xC_9VqI	Khóa học Fullstack SERN (SQL, Express.js, React.js, Node.js) Web Developer  Miễn Phí với Hỏi Dân IT	132	c5_d_D7BdYA	#107 Nhúng Facebook Messenger Vào Ứng Dụng React |  Khóa Học SERN - SQL, Express, React & Node.js	https://www.youtube.com/watch?v=c5_d_D7BdYA
PLncHg6Kn2JT6E38Z3kit9Hnif1xC_9VqI	Khóa học Fullstack SERN (SQL, Express.js, React.js, Node.js) Web Developer  Miễn Phí với Hỏi Dân IT	133	hp8QCX-YyT8	#102 [OLD] Chuẩn Bị Môi Trường Triển Khai Sản Phẩm Production | React Cho Người Mới Bắt Đầu	https://www.youtube.com/watch?v=hp8QCX-YyT8
PLncHg6Kn2JT6E38Z3kit9Hnif1xC_9VqI	Khóa học Fullstack SERN (SQL, Express.js, React.js, Node.js) Web Developer  Miễn Phí với Hỏi Dân IT	134	sK5ZUlmwyWY	#103[OLD] Triển Khai Database MySQL với Heroku | Khóa Học FREE SERN - SQL, Express, React và Node.js	https://www.youtube.com/watch?v=sK5ZUlmwyWY
PLncHg6Kn2JT6E38Z3kit9Hnif1xC_9VqI	Khóa học Fullstack SERN (SQL, Express.js, React.js, Node.js) Web Developer  Miễn Phí với Hỏi Dân IT	135	MbY16sAX1F0	Bài 103x  NGOÀI LỀ - THỜI GIAN CẦN THIẾT ĐỂ HỌC MỘT ĐIỀU MỚI | DEPLOY MYSQL VỚI HEROKU VỚI NEWBIES	https://www.youtube.com/watch?v=MbY16sAX1F0
PLncHg6Kn2JT6E38Z3kit9Hnif1xC_9VqI	Khóa học Fullstack SERN (SQL, Express.js, React.js, Node.js) Web Developer  Miễn Phí với Hỏi Dân IT	136	lExye1lKgzo	#104[OLD] Migrate Database MySQL sang PostGres | Khóa Học SERN - SQL, Express, React & Node.js	https://www.youtube.com/watch?v=lExye1lKgzo
PLncHg6Kn2JT6E38Z3kit9Hnif1xC_9VqI	Khóa học Fullstack SERN (SQL, Express.js, React.js, Node.js) Web Developer  Miễn Phí với Hỏi Dân IT	137	Gp3YoAyO9Qg	#105[OLD] Deploy App Node.JS Cùng Database MySQL | Khóa Học SERN - SQL, Express, React & Node.js	https://www.youtube.com/watch?v=Gp3YoAyO9Qg
PLncHg6Kn2JT6E38Z3kit9Hnif1xC_9VqI	Khóa học Fullstack SERN (SQL, Express.js, React.js, Node.js) Web Developer  Miễn Phí với Hỏi Dân IT	138	DI1ZxV0I5sk	#106[OLD] Deploy App React.JS Cùng Database MySQL | Khóa Học SERN - SQL, Express, React & Node.js	https://www.youtube.com/watch?v=DI1ZxV0I5sk
PL_-VfJajZj0VatBpaXkEHK_UPHL7dW6I3	NodeJS & ExpressJS	01	z2f7RHgvddc	Tips before Node Express course | Learn basic programming | Learn NodeJS for free	https://www.youtube.com/watch?v=z2f7RHgvddc
PL_-VfJajZj0VatBpaXkEHK_UPHL7dW6I3	NodeJS & ExpressJS	02	SdcdneSdoV4	HTTP protocol | Giao thức HTTP | Giao thức truyền tải siêu văn bản	https://www.youtube.com/watch?v=SdcdneSdoV4
PL_-VfJajZj0VatBpaXkEHK_UPHL7dW6I3	NodeJS & ExpressJS	03	HLEu57iLrRo	SSR & CSR | Sever side rendering | Client side rendering	https://www.youtube.com/watch?v=HLEu57iLrRo
PL_-VfJajZj0VatBpaXkEHK_UPHL7dW6I3	NodeJS & ExpressJS	04	CcSuYLjKW3g	Cài đặt NodeJS | Install NodeJS	https://www.youtube.com/watch?v=CcSuYLjKW3g
PL_-VfJajZj0VatBpaXkEHK_UPHL7dW6I3	NodeJS & ExpressJS	05	tfQXZ8jES6A	Cài đặt Express framework | Install Express	https://www.youtube.com/watch?v=tfQXZ8jES6A
PL_-VfJajZj0VatBpaXkEHK_UPHL7dW6I3	NodeJS & ExpressJS	06	zCFOn4YXr00	Using Nodemon library | Install Nodemon & inspector	https://www.youtube.com/watch?v=zCFOn4YXr00
PL_-VfJajZj0VatBpaXkEHK_UPHL7dW6I3	NodeJS & ExpressJS	07	f0C9kTOf6IY	Add sourcode lên Github | Add git repository	https://www.youtube.com/watch?v=f0C9kTOf6IY
PL_-VfJajZj0VatBpaXkEHK_UPHL7dW6I3	NodeJS & ExpressJS	08	seI--u0hSeg	Install Morgan Library | Install Morgan | Morgan - npm	https://www.youtube.com/watch?v=seI--u0hSeg
PL_-VfJajZj0VatBpaXkEHK_UPHL7dW6I3	NodeJS & ExpressJS	09	lpbl2qQXbDo	Khái niệm Template Engine | Sử dụng thư viện Handlebars	https://www.youtube.com/watch?v=lpbl2qQXbDo
PL_-VfJajZj0VatBpaXkEHK_UPHL7dW6I3	NodeJS & ExpressJS	10	BxZNiLo-OA0	Static file & SCSS | Configure static file usage	https://www.youtube.com/watch?v=BxZNiLo-OA0
PL_-VfJajZj0VatBpaXkEHK_UPHL7dW6I3	NodeJS & ExpressJS	11	zNLXsTu_kUA	Integrate Bootstrap into your project | Use Bootstrap 4	https://www.youtube.com/watch?v=zNLXsTu_kUA
PL_-VfJajZj0VatBpaXkEHK_UPHL7dW6I3	NodeJS & ExpressJS	12	Wz6WghmEmFk	Basic Routing | Routing Techniques in Node.js	https://www.youtube.com/watch?v=Wz6WghmEmFk
PL_-VfJajZj0VatBpaXkEHK_UPHL7dW6I3	NodeJS & ExpressJS	13	BbBagzvrSto	GET method | Phương thức GET	https://www.youtube.com/watch?v=BbBagzvrSto
PL_-VfJajZj0VatBpaXkEHK_UPHL7dW6I3	NodeJS & ExpressJS	14	6LdwSrTCmo4	Query parameters | Chuỗi truy vấn	https://www.youtube.com/watch?v=6LdwSrTCmo4
PL_-VfJajZj0VatBpaXkEHK_UPHL7dW6I3	NodeJS & ExpressJS	15	wCF8pIbOOpo	Form default behavior | Form default behavior in HTML	https://www.youtube.com/watch?v=wCF8pIbOOpo
PL_-VfJajZj0VatBpaXkEHK_UPHL7dW6I3	NodeJS & ExpressJS	16	LlfdqnK28Cg	POST method | POST method | HTTP protocol	https://www.youtube.com/watch?v=LlfdqnK28Cg
PL_-VfJajZj0VatBpaXkEHK_UPHL7dW6I3	NodeJS & ExpressJS	17	N8GhaR7K3tI	MVC model | MVC model	https://www.youtube.com/watch?v=N8GhaR7K3tI
PL_-VfJajZj0VatBpaXkEHK_UPHL7dW6I3	NodeJS & ExpressJS	18	Pd_ZIpCVZPc	MVC Routes & Controllers | Mô hình MVC	https://www.youtube.com/watch?v=Pd_ZIpCVZPc
PL_-VfJajZj0VatBpaXkEHK_UPHL7dW6I3	NodeJS & ExpressJS	19	5Odp8lcAvyA	[Windows] Install Mongodb | Cài đặt Mongodb cho windows	https://www.youtube.com/watch?v=5Odp8lcAvyA
PL_-VfJajZj0VatBpaXkEHK_UPHL7dW6I3	NodeJS & ExpressJS	20	2AWBtOvYOXI	[Ubuntu] Install MongoDB | How to install MongoDB on Ubuntu	https://www.youtube.com/watch?v=2AWBtOvYOXI
PL_-VfJajZj0VatBpaXkEHK_UPHL7dW6I3	NodeJS & ExpressJS	21	gcbMx8owYTg	[MacOS] Install Mongodb | Cài đặt Mongodb cho MacOS	https://www.youtube.com/watch?v=gcbMx8owYTg
PL_-VfJajZj0VatBpaXkEHK_UPHL7dW6I3	NodeJS & ExpressJS	22	kyNyMfRCavg	Prettier VScode | Code formatter | Prettier library	https://www.youtube.com/watch?v=kyNyMfRCavg
PL_-VfJajZj0VatBpaXkEHK_UPHL7dW6I3	NodeJS & ExpressJS	23	uAXpEmTZhfA	MVC Model | Xây dựng thành phần Model trong mô hình MVC	https://www.youtube.com/watch?v=uAXpEmTZhfA
PL_-VfJajZj0VatBpaXkEHK_UPHL7dW6I3	NodeJS & ExpressJS	24	PYjZV9HPLRs	Install JSON Viewer | Install JSON Viewer & fix some issues	https://www.youtube.com/watch?v=PYjZV9HPLRs
PL_-VfJajZj0VatBpaXkEHK_UPHL7dW6I3	NodeJS & ExpressJS	25	nqLXmpEgU2w	[CRUD] Read from DB | Đọc Database | Xây dựng phần trang chủ	https://www.youtube.com/watch?v=nqLXmpEgU2w
PL_-VfJajZj0VatBpaXkEHK_UPHL7dW6I3	NodeJS & ExpressJS	26	LnTPJcUQdNU	Course detail page | Building detail page | NodeJS practice	https://www.youtube.com/watch?v=LnTPJcUQdNU
PL_-VfJajZj0VatBpaXkEHK_UPHL7dW6I3	NodeJS & ExpressJS	27	bvZ1_P9eCpw	[CRUD] Create new course | Create new course page | NodeJS practice	https://www.youtube.com/watch?v=bvZ1_P9eCpw
PL_-VfJajZj0VatBpaXkEHK_UPHL7dW6I3	NodeJS & ExpressJS	28	HdVOT7Neh18	[CRUD] Update course | Dựng trang chỉnh sửa | Thực hành NodeJS	https://www.youtube.com/watch?v=HdVOT7Neh18
PL_-VfJajZj0VatBpaXkEHK_UPHL7dW6I3	NodeJS & ExpressJS	29	yt8TemGS3aw	[CRUD] Delete course | Tạo chức năng xóa trong trang | Thực hành NodeJS	https://www.youtube.com/watch?v=yt8TemGS3aw
PL_-VfJajZj0VatBpaXkEHK_UPHL7dW6I3	NodeJS & ExpressJS	30	dstdrBsf7ag	Soft delete | Kĩ thuật xóa mềm | Thực hành NodeJS	https://www.youtube.com/watch?v=dstdrBsf7ag
PL_-VfJajZj0VatBpaXkEHK_UPHL7dW6I3	NodeJS & ExpressJS	31	o_hg0iAdqDA	Deleted count documents | Hiển thị số liệu đã xóa | Thực hành NodeJS	https://www.youtube.com/watch?v=o_hg0iAdqDA
PL_-VfJajZj0VatBpaXkEHK_UPHL7dW6I3	NodeJS & ExpressJS	32	YilPrQiKOfE	"Select all" with checkbox | Chức năng chọn & bỏ chọn | Thực hành NodeJS	https://www.youtube.com/watch?v=YilPrQiKOfE
PL_-VfJajZj0VatBpaXkEHK_UPHL7dW6I3	NodeJS & ExpressJS	33	dBZsgn1yzog	Fix bug action form | Fix bug action form | NodeJS practice	https://www.youtube.com/watch?v=dBZsgn1yzog
PL_-VfJajZj0VatBpaXkEHK_UPHL7dW6I3	NodeJS & ExpressJS	34	MJ7JZSW6seA	Sort middleware | Chức năng sắp xếp trang quản lý | Thực hành NodeJS	https://www.youtube.com/watch?v=MJ7JZSW6seA
PL_-VfJajZj0VatBpaXkEHK_UPHL7dW6I3	NodeJS & ExpressJS	35	-10W8ZmNlcg	Sort query helper | Hoàn thiện logic chức năng Sort | Thực hành NodeJS	https://www.youtube.com/watch?v=-10W8ZmNlcg
PL_-VfJajZj0VatBpaXkEHK_UPHL7dW6I3	NodeJS & ExpressJS	36	U0dG1GKI054	Auto increment id field | Trường tăng ID tự động | Thực hành NodeJS	https://www.youtube.com/watch?v=U0dG1GKI054
