"workload","phase","run","elapsedMs","httpStatus","correct","actual","failure"
"notes_plain","warmup","1","32.844","200","True","total=1500;items=20",""
"notes_plain","warmup","2","24.389","200","True","total=1500;items=20",""
"notes_plain","warmup","3","25.096","200","True","total=1500;items=20",""
"notes_plain","measured","1","26.269","200","True","total=1500;items=20",""
"notes_plain","measured","2","28.329","200","True","total=1500;items=20",""
"notes_plain","measured","3","23.825","200","True","total=1500;items=20",""
"notes_plain","measured","4","25.273","200","True","total=1500;items=20",""
"notes_plain","measured","5","29.244","200","True","total=1500;items=20",""
"notes_plain","measured","6","22.625","200","True","total=1500;items=20",""
"notes_plain","measured","7","26.96","200","True","total=1500;items=20",""
"notes_plain","measured","8","26.077","200","True","total=1500;items=20",""
"notes_plain","measured","9","26.051","200","True","total=1500;items=20",""
"notes_plain","measured","10","26.787","200","True","total=1500;items=20",""
"notes_plain","measured","11","27.594","200","True","total=1500;items=20",""
"notes_plain","measured","12","31.738","200","True","total=1500;items=20",""
"notes_plain","measured","13","29.684","200","True","total=1500;items=20",""
"notes_plain","measured","14","24.739","200","True","total=1500;items=20",""
"notes_plain","measured","15","26.564","200","True","total=1500;items=20",""
"notes_common","warmup","1","34.474","200","True","total=662;items=20",""
"notes_common","warmup","2","33.279","200","True","total=662;items=20",""
"notes_common","warmup","3","33.173","200","True","total=662;items=20",""
"notes_common","measured","1","27.001","200","True","total=662;items=20",""
"notes_common","measured","2","29.444","200","True","total=662;items=20",""
"notes_common","measured","3","44.058","200","True","total=662;items=20",""
"notes_common","measured","4","31.824","200","True","total=662;items=20",""
"notes_common","measured","5","28.726","200","True","total=662;items=20",""
"notes_common","measured","6","26.864","200","True","total=662;items=20",""
"notes_common","measured","7","25.645","200","True","total=662;items=20",""
"notes_common","measured","8","28.765","200","True","total=662;items=20",""
"notes_common","measured","9","25.116","200","True","total=662;items=20",""
"notes_common","measured","10","23.934","200","True","total=662;items=20",""
"notes_common","measured","11","28.734","200","True","total=662;items=20",""
"notes_common","measured","12","28.652","200","True","total=662;items=20",""
"notes_common","measured","13","31.65","200","True","total=662;items=20",""
"notes_common","measured","14","31.156","200","True","total=662;items=20",""
"notes_common","measured","15","33.569","200","True","total=662;items=20",""
"notes_medium","warmup","1","30.605","200","True","total=165;items=20",""
"notes_medium","warmup","2","31.237","200","True","total=165;items=20",""
"notes_medium","warmup","3","30.096","200","True","total=165;items=20",""
"notes_medium","measured","1","34.124","200","True","total=165;items=20",""
"notes_medium","measured","2","29.452","200","True","total=165;items=20",""
"notes_medium","measured","3","29.4","200","True","total=165;items=20",""
"notes_medium","measured","4","27.788","200","True","total=165;items=20",""
"notes_medium","measured","5","31.498","200","True","total=165;items=20",""
"notes_medium","measured","6","31.434","200","True","total=165;items=20",""
"notes_medium","measured","7","29.701","200","True","total=165;items=20",""
"notes_medium","measured","8","29.425","200","True","total=165;items=20",""
"notes_medium","measured","9","28.302","200","True","total=165;items=20",""
"notes_medium","measured","10","26.823","200","True","total=165;items=20",""
"notes_medium","measured","11","29.737","200","True","total=165;items=20",""
"notes_medium","measured","12","33.868","200","True","total=165;items=20",""
"notes_medium","measured","13","28.796","200","True","total=165;items=20",""
"notes_medium","measured","14","27.453","200","True","total=165;items=20",""
"notes_medium","measured","15","29.57","200","True","total=165;items=20",""
"notes_rare","warmup","1","25.821","200","True","total=10;items=10",""
"notes_rare","warmup","2","21.604","200","True","total=10;items=10",""
"notes_rare","warmup","3","26.125","200","True","total=10;items=10",""
"notes_rare","measured","1","22.597","200","True","total=10;items=10",""
"notes_rare","measured","2","24.835","200","True","total=10;items=10",""
"notes_rare","measured","3","22.818","200","True","total=10;items=10",""
"notes_rare","measured","4","33.44","200","True","total=10;items=10",""
"notes_rare","measured","5","32.288","200","True","total=10;items=10",""
"notes_rare","measured","6","25.718","200","True","total=10;items=10",""
"notes_rare","measured","7","34.45","200","True","total=10;items=10",""
"notes_rare","measured","8","50.631","200","True","total=10;items=10",""
"notes_rare","measured","9","51.39","200","True","total=10;items=10",""
"notes_rare","measured","10","52.742","200","True","total=10;items=10",""
"notes_rare","measured","11","50.211","200","True","total=10;items=10",""
"notes_rare","measured","12","54.21","200","True","total=10;items=10",""
"notes_rare","measured","13","38.042","200","True","total=10;items=10",""
"notes_rare","measured","14","33.82","200","True","total=10;items=10",""
"notes_rare","measured","15","51.806","200","True","total=10;items=10",""
"notes_none","warmup","1","29.42","200","True","total=0;items=0",""
"notes_none","warmup","2","36.642","200","True","total=0;items=0",""
"notes_none","warmup","3","39.901","200","True","total=0;items=0",""
"notes_none","measured","1","34.962","200","True","total=0;items=0",""
"notes_none","measured","2","39.38","200","True","total=0;items=0",""
"notes_none","measured","3","40.628","200","True","total=0;items=0",""
"notes_none","measured","4","36.828","200","True","total=0;items=0",""
"notes_none","measured","5","34.598","200","True","total=0;items=0",""
"notes_none","measured","6","37.32","200","True","total=0;items=0",""
"notes_none","measured","7","36.326","200","True","total=0;items=0",""
"notes_none","measured","8","34.597","200","True","total=0;items=0",""
"notes_none","measured","9","33.519","200","True","total=0;items=0",""
"notes_none","measured","10","34.071","200","True","total=0;items=0",""
"notes_none","measured","11","32.094","200","True","total=0;items=0",""
"notes_none","measured","12","23.78","200","True","total=0;items=0",""
"notes_none","measured","13","24.401","200","True","total=0;items=0",""
"notes_none","measured","14","22.8","200","True","total=0;items=0",""
"notes_none","measured","15","22.779","200","True","total=0;items=0",""
"notes_category","warmup","1","36.126","200","True","total=75;items=20",""
"notes_category","warmup","2","59.947","200","True","total=75;items=20",""
"notes_category","warmup","3","40.313","200","True","total=75;items=20",""
"notes_category","measured","1","21.689","200","True","total=75;items=20",""
"notes_category","measured","2","47.328","200","True","total=75;items=20",""
"notes_category","measured","3","50.784","200","True","total=75;items=20",""
"notes_category","measured","4","38.689","200","True","total=75;items=20",""
"notes_category","measured","5","43.63","200","True","total=75;items=20",""
"notes_category","measured","6","38.955","200","True","total=75;items=20",""
"notes_category","measured","7","58.329","200","True","total=75;items=20",""
"notes_category","measured","8","49.969","200","True","total=75;items=20",""
"notes_category","measured","9","38.692","200","True","total=75;items=20",""
"notes_category","measured","10","46.468","200","True","total=75;items=20",""
"notes_category","measured","11","57.816","200","True","total=75;items=20",""
"notes_category","measured","12","56.394","200","True","total=75;items=20",""
"notes_category","measured","13","58.592","200","True","total=75;items=20",""
"notes_category","measured","14","57.024","200","True","total=75;items=20",""
"notes_category","measured","15","41.592","200","True","total=75;items=20",""
"notes_tag","warmup","1","43.121","200","True","total=39;items=20",""
"notes_tag","warmup","2","55.748","200","True","total=39;items=20",""
"notes_tag","warmup","3","51.92","200","True","total=39;items=20",""
"notes_tag","measured","1","62.069","200","True","total=39;items=20",""
"notes_tag","measured","2","57.999","200","True","total=39;items=20",""
"notes_tag","measured","3","61.866","200","True","total=39;items=20",""
"notes_tag","measured","4","29.618","200","True","total=39;items=20",""
"notes_tag","measured","5","62.709","200","True","total=39;items=20",""
"notes_tag","measured","6","58.638","200","True","total=39;items=20",""
"notes_tag","measured","7","22.302","200","True","total=39;items=20",""
"notes_tag","measured","8","23.441","200","True","total=39;items=20",""
"notes_tag","measured","9","41.592","200","True","total=39;items=20",""
"notes_tag","measured","10","50.566","200","True","total=39;items=20",""
"notes_tag","measured","11","42.936","200","True","total=39;items=20",""
"notes_tag","measured","12","43.931","200","True","total=39;items=20",""
"notes_tag","measured","13","42.01","200","True","total=39;items=20",""
"notes_tag","measured","14","45.159","200","True","total=39;items=20",""
"notes_tag","measured","15","61.649","200","True","total=39;items=20",""
"notes_timestamp","warmup","1","65.186","200","True","total=900;items=20",""
"notes_timestamp","warmup","2","58.227","200","True","total=900;items=20",""
"notes_timestamp","warmup","3","60.074","200","True","total=900;items=20",""
"notes_timestamp","measured","1","59.388","200","True","total=900;items=20",""
"notes_timestamp","measured","2","61.48","200","True","total=900;items=20",""
"notes_timestamp","measured","3","42.384","200","True","total=900;items=20",""
"notes_timestamp","measured","4","60.454","200","True","total=900;items=20",""
"notes_timestamp","measured","5","23.068","200","True","total=900;items=20",""
"notes_timestamp","measured","6","39.974","200","True","total=900;items=20",""
"notes_timestamp","measured","7","41.429","200","True","total=900;items=20",""
"notes_timestamp","measured","8","36.239","200","True","total=900;items=20",""
"notes_timestamp","measured","9","21.711","200","True","total=900;items=20",""
"notes_timestamp","measured","10","40.329","200","True","total=900;items=20",""
"notes_timestamp","measured","11","35.631","200","True","total=900;items=20",""
"notes_timestamp","measured","12","61.663","200","True","total=900;items=20",""
"notes_timestamp","measured","13","55.104","200","True","total=900;items=20",""
"notes_timestamp","measured","14","42.611","200","True","total=900;items=20",""
"notes_timestamp","measured","15","39.156","200","True","total=900;items=20",""
"notes_combined","warmup","1","21.653","200","True","total=4;items=4",""
"notes_combined","warmup","2","24.253","200","True","total=4;items=4",""
"notes_combined","warmup","3","31.664","200","True","total=4;items=4",""
"notes_combined","measured","1","29.646","200","True","total=4;items=4",""
"notes_combined","measured","2","24.246","200","True","total=4;items=4",""
"notes_combined","measured","3","31.608","200","True","total=4;items=4",""
"notes_combined","measured","4","29.926","200","True","total=4;items=4",""
"notes_combined","measured","5","34.677","200","True","total=4;items=4",""
"notes_combined","measured","6","44.481","200","True","total=4;items=4",""
"notes_combined","measured","7","44.278","200","True","total=4;items=4",""
"notes_combined","measured","8","32.68","200","True","total=4;items=4",""
"notes_combined","measured","9","35.908","200","True","total=4;items=4",""
"notes_combined","measured","10","24.613","200","True","total=4;items=4",""
"notes_combined","measured","11","23.749","200","True","total=4;items=4",""
"notes_combined","measured","12","35.935","200","True","total=4;items=4",""
"notes_combined","measured","13","31.45","200","True","total=4;items=4",""
"notes_combined","measured","14","32.584","200","True","total=4;items=4",""
"notes_combined","measured","15","26.718","200","True","total=4;items=4",""
"notes_later_page","warmup","1","39.694","200","True","total=1500;items=20",""
"notes_later_page","warmup","2","39.568","200","True","total=1500;items=20",""
"notes_later_page","warmup","3","41.524","200","True","total=1500;items=20",""
"notes_later_page","measured","1","40.366","200","True","total=1500;items=20",""
"notes_later_page","measured","2","41.488","200","True","total=1500;items=20",""
"notes_later_page","measured","3","56.319","200","True","total=1500;items=20",""
"notes_later_page","measured","4","35.304","200","True","total=1500;items=20",""
"notes_later_page","measured","5","58.132","200","True","total=1500;items=20",""
"notes_later_page","measured","6","38.34","200","True","total=1500;items=20",""
"notes_later_page","measured","7","29.202","200","True","total=1500;items=20",""
"notes_later_page","measured","8","60.231","200","True","total=1500;items=20",""
"notes_later_page","measured","9","56.553","200","True","total=1500;items=20",""
"notes_later_page","measured","10","32.945","200","True","total=1500;items=20",""
"notes_later_page","measured","11","60.698","200","True","total=1500;items=20",""
"notes_later_page","measured","12","48.273","200","True","total=1500;items=20",""
"notes_later_page","measured","13","42.974","200","True","total=1500;items=20",""
"notes_later_page","measured","14","55.207","200","True","total=1500;items=20",""
"notes_later_page","measured","15","55.234","200","True","total=1500;items=20",""
"tasks_plain","warmup","1","49.18","200","True","total=1500;items=20",""
"tasks_plain","warmup","2","50.43","200","True","total=1500;items=20",""
"tasks_plain","warmup","3","50.856","200","True","total=1500;items=20",""
"tasks_plain","measured","1","49.176","200","True","total=1500;items=20",""
"tasks_plain","measured","2","53.706","200","True","total=1500;items=20",""
"tasks_plain","measured","3","48.117","200","True","total=1500;items=20",""
"tasks_plain","measured","4","49.854","200","True","total=1500;items=20",""
"tasks_plain","measured","5","49.764","200","True","total=1500;items=20",""
"tasks_plain","measured","6","63.32","200","True","total=1500;items=20",""
"tasks_plain","measured","7","50.771","200","True","total=1500;items=20",""
"tasks_plain","measured","8","47.259","200","True","total=1500;items=20",""
"tasks_plain","measured","9","47.08","200","True","total=1500;items=20",""
"tasks_plain","measured","10","42.135","200","True","total=1500;items=20",""
"tasks_plain","measured","11","48.48","200","True","total=1500;items=20",""
"tasks_plain","measured","12","47.073","200","True","total=1500;items=20",""
"tasks_plain","measured","13","49.67","200","True","total=1500;items=20",""
"tasks_plain","measured","14","51.386","200","True","total=1500;items=20",""
"tasks_plain","measured","15","37.214","200","True","total=1500;items=20",""
"tasks_common","warmup","1","51.144","200","True","total=662;items=20",""
"tasks_common","warmup","2","45.489","200","True","total=662;items=20",""
"tasks_common","warmup","3","47.439","200","True","total=662;items=20",""
"tasks_common","measured","1","43.686","200","True","total=662;items=20",""
"tasks_common","measured","2","47.449","200","True","total=662;items=20",""
"tasks_common","measured","3","51.304","200","True","total=662;items=20",""
"tasks_common","measured","4","48.394","200","True","total=662;items=20",""
"tasks_common","measured","5","37.237","200","True","total=662;items=20",""
"tasks_common","measured","6","36.21","200","True","total=662;items=20",""
"tasks_common","measured","7","37.677","200","True","total=662;items=20",""
"tasks_common","measured","8","40.038","200","True","total=662;items=20",""
"tasks_common","measured","9","35.01","200","True","total=662;items=20",""
"tasks_common","measured","10","47.475","200","True","total=662;items=20",""
"tasks_common","measured","11","49.181","200","True","total=662;items=20",""
"tasks_common","measured","12","37.881","200","True","total=662;items=20",""
"tasks_common","measured","13","44.835","200","True","total=662;items=20",""
"tasks_common","measured","14","39.494","200","True","total=662;items=20",""
"tasks_common","measured","15","51.434","200","True","total=662;items=20",""
"tasks_medium","warmup","1","50.28","200","True","total=165;items=20",""
"tasks_medium","warmup","2","51.64","200","True","total=165;items=20",""
"tasks_medium","warmup","3","49.801","200","True","total=165;items=20",""
"tasks_medium","measured","1","48.565","200","True","total=165;items=20",""
"tasks_medium","measured","2","37.238","200","True","total=165;items=20",""
"tasks_medium","measured","3","27.087","200","True","total=165;items=20",""
"tasks_medium","measured","4","31.458","200","True","total=165;items=20",""
"tasks_medium","measured","5","48.941","200","True","total=165;items=20",""
"tasks_medium","measured","6","38.74","200","True","total=165;items=20",""
"tasks_medium","measured","7","37.831","200","True","total=165;items=20",""
"tasks_medium","measured","8","50.701","200","True","total=165;items=20",""
"tasks_medium","measured","9","49.181","200","True","total=165;items=20",""
"tasks_medium","measured","10","37.638","200","True","total=165;items=20",""
"tasks_medium","measured","11","36.573","200","True","total=165;items=20",""
"tasks_medium","measured","12","46.368","200","True","total=165;items=20",""
"tasks_medium","measured","13","47.523","200","True","total=165;items=20",""
"tasks_medium","measured","14","50.397","200","True","total=165;items=20",""
"tasks_medium","measured","15","41.738","200","True","total=165;items=20",""
"tasks_rare","warmup","1","18.397","200","True","total=10;items=10",""
"tasks_rare","warmup","2","30.222","200","True","total=10;items=10",""
"tasks_rare","warmup","3","30.571","200","True","total=10;items=10",""
"tasks_rare","measured","1","50.057","200","True","total=10;items=10",""
"tasks_rare","measured","2","50.362","200","True","total=10;items=10",""
"tasks_rare","measured","3","47.91","200","True","total=10;items=10",""
"tasks_rare","measured","4","45.927","200","True","total=10;items=10",""
"tasks_rare","measured","5","31.602","200","True","total=10;items=10",""
"tasks_rare","measured","6","32.649","200","True","total=10;items=10",""
"tasks_rare","measured","7","30.392","200","True","total=10;items=10",""
"tasks_rare","measured","8","30.007","200","True","total=10;items=10",""
"tasks_rare","measured","9","36.439","200","True","total=10;items=10",""
"tasks_rare","measured","10","41.99","200","True","total=10;items=10",""
"tasks_rare","measured","11","40.983","200","True","total=10;items=10",""
"tasks_rare","measured","12","45.783","200","True","total=10;items=10",""
"tasks_rare","measured","13","19.658","200","True","total=10;items=10",""
"tasks_rare","measured","14","36.419","200","True","total=10;items=10",""
"tasks_rare","measured","15","41.605","200","True","total=10;items=10",""
"tasks_none","warmup","1","32.623","200","True","total=0;items=0",""
"tasks_none","warmup","2","32.53","200","True","total=0;items=0",""
"tasks_none","warmup","3","34.26","200","True","total=0;items=0",""
"tasks_none","measured","1","30.6","200","True","total=0;items=0",""
"tasks_none","measured","2","32.77","200","True","total=0;items=0",""
"tasks_none","measured","3","21.362","200","True","total=0;items=0",""
"tasks_none","measured","4","13.195","200","True","total=0;items=0",""
"tasks_none","measured","5","15.499","200","True","total=0;items=0",""
"tasks_none","measured","6","20.209","200","True","total=0;items=0",""
"tasks_none","measured","7","22.053","200","True","total=0;items=0",""
"tasks_none","measured","8","19.798","200","True","total=0;items=0",""
"tasks_none","measured","9","21.197","200","True","total=0;items=0",""
"tasks_none","measured","10","19.354","200","True","total=0;items=0",""
"tasks_none","measured","11","20.317","200","True","total=0;items=0",""
"tasks_none","measured","12","20.296","200","True","total=0;items=0",""
"tasks_none","measured","13","23.225","200","True","total=0;items=0",""
"tasks_none","measured","14","19.361","200","True","total=0;items=0",""
"tasks_none","measured","15","19.466","200","True","total=0;items=0",""
"tasks_status","warmup","1","30.637","200","True","total=390;items=20",""
"tasks_status","warmup","2","37.805","200","True","total=390;items=20",""
"tasks_status","warmup","3","47.993","200","True","total=390;items=20",""
"tasks_status","measured","1","45.7","200","True","total=390;items=20",""
"tasks_status","measured","2","30.369","200","True","total=390;items=20",""
"tasks_status","measured","3","30.188","200","True","total=390;items=20",""
"tasks_status","measured","4","30.751","200","True","total=390;items=20",""
"tasks_status","measured","5","33.35","200","True","total=390;items=20",""
"tasks_status","measured","6","30.925","200","True","total=390;items=20",""
"tasks_status","measured","7","18.736","200","True","total=390;items=20",""
"tasks_status","measured","8","31.168","200","True","total=390;items=20",""
"tasks_status","measured","9","29.628","200","True","total=390;items=20",""
"tasks_status","measured","10","30.804","200","True","total=390;items=20",""
"tasks_status","measured","11","30.063","200","True","total=390;items=20",""
"tasks_status","measured","12","33.056","200","True","total=390;items=20",""
"tasks_status","measured","13","49.154","200","True","total=390;items=20",""
"tasks_status","measured","14","46.568","200","True","total=390;items=20",""
"tasks_status","measured","15","32.132","200","True","total=390;items=20",""
"tasks_deadline","warmup","1","33.778","200","True","total=642;items=20",""
"tasks_deadline","warmup","2","47.034","200","True","total=642;items=20",""
"tasks_deadline","warmup","3","50.017","200","True","total=642;items=20",""
"tasks_deadline","measured","1","49.137","200","True","total=642;items=20",""
"tasks_deadline","measured","2","46.84","200","True","total=642;items=20",""
"tasks_deadline","measured","3","45.789","200","True","total=642;items=20",""
"tasks_deadline","measured","4","45.202","200","True","total=642;items=20",""
"tasks_deadline","measured","5","48.425","200","True","total=642;items=20",""
"tasks_deadline","measured","6","47.307","200","True","total=642;items=20",""
"tasks_deadline","measured","7","46.929","200","True","total=642;items=20",""
"tasks_deadline","measured","8","45.815","200","True","total=642;items=20",""
"tasks_deadline","measured","9","45.364","200","True","total=642;items=20",""
"tasks_deadline","measured","10","49.503","200","True","total=642;items=20",""
"tasks_deadline","measured","11","57.506","200","True","total=642;items=20",""
"tasks_deadline","measured","12","58.934","200","True","total=642;items=20",""
"tasks_deadline","measured","13","48.851","200","True","total=642;items=20",""
"tasks_deadline","measured","14","39.104","200","True","total=642;items=20",""
"tasks_deadline","measured","15","50.848","200","True","total=642;items=20",""
"tasks_category","warmup","1","54.936","200","True","total=75;items=20",""
"tasks_category","warmup","2","48.828","200","True","total=75;items=20",""
"tasks_category","warmup","3","43.964","200","True","total=75;items=20",""
"tasks_category","measured","1","47.958","200","True","total=75;items=20",""
"tasks_category","measured","2","46.715","200","True","total=75;items=20",""
"tasks_category","measured","3","46.208","200","True","total=75;items=20",""
"tasks_category","measured","4","38.687","200","True","total=75;items=20",""
"tasks_category","measured","5","49.23","200","True","total=75;items=20",""
"tasks_category","measured","6","46.255","200","True","total=75;items=20",""
"tasks_category","measured","7","32.265","200","True","total=75;items=20",""
"tasks_category","measured","8","44.896","200","True","total=75;items=20",""
"tasks_category","measured","9","48.699","200","True","total=75;items=20",""
"tasks_category","measured","10","42.612","200","True","total=75;items=20",""
"tasks_category","measured","11","33.607","200","True","total=75;items=20",""
"tasks_category","measured","12","32.014","200","True","total=75;items=20",""
"tasks_category","measured","13","32.924","200","True","total=75;items=20",""
"tasks_category","measured","14","29.676","200","True","total=75;items=20",""
"tasks_category","measured","15","32.185","200","True","total=75;items=20",""
"tasks_tag","warmup","1","31.975","200","True","total=38;items=20",""
"tasks_tag","warmup","2","33.763","200","True","total=38;items=20",""
"tasks_tag","warmup","3","45.332","200","True","total=38;items=20",""
"tasks_tag","measured","1","45.682","200","True","total=38;items=20",""
"tasks_tag","measured","2","48.225","200","True","total=38;items=20",""
"tasks_tag","measured","3","32.382","200","True","total=38;items=20",""
"tasks_tag","measured","4","33.592","200","True","total=38;items=20",""
"tasks_tag","measured","5","31.067","200","True","total=38;items=20",""
"tasks_tag","measured","6","32.673","200","True","total=38;items=20",""
"tasks_tag","measured","7","38.616","200","True","total=38;items=20",""
"tasks_tag","measured","8","30.137","200","True","total=38;items=20",""
"tasks_tag","measured","9","29.41","200","True","total=38;items=20",""
"tasks_tag","measured","10","33.052","200","True","total=38;items=20",""
"tasks_tag","measured","11","43.663","200","True","total=38;items=20",""
"tasks_tag","measured","12","46.393","200","True","total=38;items=20",""
"tasks_tag","measured","13","32.834","200","True","total=38;items=20",""
"tasks_tag","measured","14","31.773","200","True","total=38;items=20",""
"tasks_tag","measured","15","31.722","200","True","total=38;items=20",""
"tasks_source","warmup","1","38.726","200","True","total=300;items=20",""
"tasks_source","warmup","2","49.61","200","True","total=300;items=20",""
"tasks_source","warmup","3","47.401","200","True","total=300;items=20",""
"tasks_source","measured","1","45.678","200","True","total=300;items=20",""
"tasks_source","measured","2","31.7","200","True","total=300;items=20",""
"tasks_source","measured","3","35.679","200","True","total=300;items=20",""
"tasks_source","measured","4","45.865","200","True","total=300;items=20",""
"tasks_source","measured","5","48.529","200","True","total=300;items=20",""
"tasks_source","measured","6","21.198","200","True","total=300;items=20",""
"tasks_source","measured","7","29.502","200","True","total=300;items=20",""
"tasks_source","measured","8","24.879","200","True","total=300;items=20",""
"tasks_source","measured","9","45.986","200","True","total=300;items=20",""
"tasks_source","measured","10","43.269","200","True","total=300;items=20",""
"tasks_source","measured","11","46.156","200","True","total=300;items=20",""
"tasks_source","measured","12","48.018","200","True","total=300;items=20",""
"tasks_source","measured","13","35.673","200","True","total=300;items=20",""
"tasks_source","measured","14","31.343","200","True","total=300;items=20",""
"tasks_source","measured","15","40.617","200","True","total=300;items=20",""
"tasks_combined","warmup","1","49.365","200","True","total=38;items=20",""
"tasks_combined","warmup","2","51.774","200","True","total=38;items=20",""
"tasks_combined","warmup","3","32.425","200","True","total=38;items=20",""
"tasks_combined","measured","1","30.335","200","True","total=38;items=20",""
"tasks_combined","measured","2","19.121","200","True","total=38;items=20",""
"tasks_combined","measured","3","26.358","200","True","total=38;items=20",""
"tasks_combined","measured","4","27.769","200","True","total=38;items=20",""
"tasks_combined","measured","5","46.376","200","True","total=38;items=20",""
"tasks_combined","measured","6","40.959","200","True","total=38;items=20",""
"tasks_combined","measured","7","34.093","200","True","total=38;items=20",""
"tasks_combined","measured","8","31.472","200","True","total=38;items=20",""
"tasks_combined","measured","9","31.603","200","True","total=38;items=20",""
"tasks_combined","measured","10","48.546","200","True","total=38;items=20",""
"tasks_combined","measured","11","67.372","200","True","total=38;items=20",""
"tasks_combined","measured","12","56.313","200","True","total=38;items=20",""
"tasks_combined","measured","13","49.169","200","True","total=38;items=20",""
"tasks_combined","measured","14","36.008","200","True","total=38;items=20",""
"tasks_combined","measured","15","32.134","200","True","total=38;items=20",""
"tasks_later_page","warmup","1","48.74","200","True","total=1500;items=20",""
"tasks_later_page","warmup","2","49.28","200","True","total=1500;items=20",""
"tasks_later_page","warmup","3","24.774","200","True","total=1500;items=20",""
"tasks_later_page","measured","1","43.467","200","True","total=1500;items=20",""
"tasks_later_page","measured","2","51.271","200","True","total=1500;items=20",""
"tasks_later_page","measured","3","49.798","200","True","total=1500;items=20",""
"tasks_later_page","measured","4","48.827","200","True","total=1500;items=20",""
"tasks_later_page","measured","5","54.764","200","True","total=1500;items=20",""
"tasks_later_page","measured","6","54.468","200","True","total=1500;items=20",""
"tasks_later_page","measured","7","30.707","200","True","total=1500;items=20",""
"tasks_later_page","measured","8","46.618","200","True","total=1500;items=20",""
"tasks_later_page","measured","9","48.158","200","True","total=1500;items=20",""
"tasks_later_page","measured","10","52.982","200","True","total=1500;items=20",""
"tasks_later_page","measured","11","49.208","200","True","total=1500;items=20",""
"tasks_later_page","measured","12","45.703","200","True","total=1500;items=20",""
"tasks_later_page","measured","13","30.112","200","True","total=1500;items=20",""
"tasks_later_page","measured","14","30.482","200","True","total=1500;items=20",""
"tasks_later_page","measured","15","34.657","200","True","total=1500;items=20",""
"video_plain","warmup","1","58.022","200","True","total=100;items=20",""
"video_plain","warmup","2","50.711","200","True","total=100;items=20",""
"video_plain","warmup","3","45.763","200","True","total=100;items=20",""
"video_plain","measured","1","51.466","200","True","total=100;items=20",""
"video_plain","measured","2","53.289","200","True","total=100;items=20",""
"video_plain","measured","3","55.939","200","True","total=100;items=20",""
"video_plain","measured","4","40.574","200","True","total=100;items=20",""
"video_plain","measured","5","46.388","200","True","total=100;items=20",""
"video_plain","measured","6","52.106","200","True","total=100;items=20",""
"video_plain","measured","7","46.123","200","True","total=100;items=20",""
"video_plain","measured","8","60.726","200","True","total=100;items=20",""
"video_plain","measured","9","62.208","200","True","total=100;items=20",""
"video_plain","measured","10","63.415","200","True","total=100;items=20",""
"video_plain","measured","11","55.656","200","True","total=100;items=20",""
"video_plain","measured","12","43.707","200","True","total=100;items=20",""
"video_plain","measured","13","40.371","200","True","total=100;items=20",""
"video_plain","measured","14","40.82","200","True","total=100;items=20",""
"video_plain","measured","15","39.714","200","True","total=100;items=20",""
"video_search","warmup","1","25.26","200","True","total=1;items=1",""
"video_search","warmup","2","29.514","200","True","total=1;items=1",""
"video_search","warmup","3","34.482","200","True","total=1;items=1",""
"video_search","measured","1","31.531","200","True","total=1;items=1",""
"video_search","measured","2","30.533","200","True","total=1;items=1",""
"video_search","measured","3","33.95","200","True","total=1;items=1",""
"video_search","measured","4","35.137","200","True","total=1;items=1",""
"video_search","measured","5","22.615","200","True","total=1;items=1",""
"video_search","measured","6","19.168","200","True","total=1;items=1",""
"video_search","measured","7","21.321","200","True","total=1;items=1",""
"video_search","measured","8","19.393","200","True","total=1;items=1",""
"video_search","measured","9","23.584","200","True","total=1;items=1",""
"video_search","measured","10","28.885","200","True","total=1;items=1",""
"video_search","measured","11","30.164","200","True","total=1;items=1",""
"video_search","measured","12","33.222","200","True","total=1;items=1",""
"video_search","measured","13","30.014","200","True","total=1;items=1",""
"video_search","measured","14","31.361","200","True","total=1;items=1",""
"video_search","measured","15","30.666","200","True","total=1;items=1",""
"video_filter_sort","warmup","1","61.658","200","True","total=75;items=20",""
"video_filter_sort","warmup","2","56.471","200","True","total=75;items=20",""
"video_filter_sort","warmup","3","60.066","200","True","total=75;items=20",""
"video_filter_sort","measured","1","62.647","200","True","total=75;items=20",""
"video_filter_sort","measured","2","49.335","200","True","total=75;items=20",""
"video_filter_sort","measured","3","47.038","200","True","total=75;items=20",""
"video_filter_sort","measured","4","47.023","200","True","total=75;items=20",""
"video_filter_sort","measured","5","57.043","200","True","total=75;items=20",""
"video_filter_sort","measured","6","58.768","200","True","total=75;items=20",""
"video_filter_sort","measured","7","60.216","200","True","total=75;items=20",""
"video_filter_sort","measured","8","55.872","200","True","total=75;items=20",""
"video_filter_sort","measured","9","60.184","200","True","total=75;items=20",""
"video_filter_sort","measured","10","47.543","200","True","total=75;items=20",""
"video_filter_sort","measured","11","41.248","200","True","total=75;items=20",""
"video_filter_sort","measured","12","66.723","200","True","total=75;items=20",""
"video_filter_sort","measured","13","48.177","200","True","total=75;items=20",""
"video_filter_sort","measured","14","42.841","200","True","total=75;items=20",""
"video_filter_sort","measured","15","60.109","200","True","total=75;items=20",""
"image_plain","warmup","1","46.692","200","True","total=20;items=20",""
"image_plain","warmup","2","55.657","200","True","total=20;items=20",""
"image_plain","warmup","3","48.021","200","True","total=20;items=20",""
"image_plain","measured","1","24.494","200","True","total=20;items=20",""
"image_plain","measured","2","38.706","200","True","total=20;items=20",""
"image_plain","measured","3","54.833","200","True","total=20;items=20",""
"image_plain","measured","4","57.027","200","True","total=20;items=20",""
"image_plain","measured","5","50.893","200","True","total=20;items=20",""
"image_plain","measured","6","57.046","200","True","total=20;items=20",""
"image_plain","measured","7","28.735","200","True","total=20;items=20",""
"image_plain","measured","8","52.616","200","True","total=20;items=20",""
"image_plain","measured","9","51.088","200","True","total=20;items=20",""
"image_plain","measured","10","57.202","200","True","total=20;items=20",""
"image_plain","measured","11","54.246","200","True","total=20;items=20",""
"image_plain","measured","12","52.985","200","True","total=20;items=20",""
"image_plain","measured","13","50.325","200","True","total=20;items=20",""
"image_plain","measured","14","61.661","200","True","total=20;items=20",""
"image_plain","measured","15","57.976","200","True","total=20;items=20",""
"image_search","warmup","1","38.403","200","True","total=1;items=1",""
"image_search","warmup","2","38.39","200","True","total=1;items=1",""
"image_search","warmup","3","21.355","200","True","total=1;items=1",""
"image_search","measured","1","12.097","200","True","total=1;items=1",""
"image_search","measured","2","11.719","200","True","total=1;items=1",""
"image_search","measured","3","20.677","200","True","total=1;items=1",""
"image_search","measured","4","24.257","200","True","total=1;items=1",""
"image_search","measured","5","25.437","200","True","total=1;items=1",""
"image_search","measured","6","29.028","200","True","total=1;items=1",""
"image_search","measured","7","18.451","200","True","total=1;items=1",""
"image_search","measured","8","11.481","200","True","total=1;items=1",""
"image_search","measured","9","12.705","200","True","total=1;items=1",""
"image_search","measured","10","29.656","200","True","total=1;items=1",""
"image_search","measured","11","31.608","200","True","total=1;items=1",""
"image_search","measured","12","31.552","200","True","total=1;items=1",""
"image_search","measured","13","29.021","200","True","total=1;items=1",""
"image_search","measured","14","18.524","200","True","total=1;items=1",""
"image_search","measured","15","18.99","200","True","total=1;items=1",""
"audio_plain","warmup","1","32.292","200","True","total=8;items=8",""
"audio_plain","warmup","2","34.719","200","True","total=8;items=8",""
"audio_plain","warmup","3","37.128","200","True","total=8;items=8",""
"audio_plain","measured","1","28.338","200","True","total=8;items=8",""
"audio_plain","measured","2","26.734","200","True","total=8;items=8",""
"audio_plain","measured","3","21.312","200","True","total=8;items=8",""
"audio_plain","measured","4","23.862","200","True","total=8;items=8",""
"audio_plain","measured","5","33.301","200","True","total=8;items=8",""
"audio_plain","measured","6","32.356","200","True","total=8;items=8",""
"audio_plain","measured","7","28.348","200","True","total=8;items=8",""
"audio_plain","measured","8","22.52","200","True","total=8;items=8",""
"audio_plain","measured","9","21.312","200","True","total=8;items=8",""
"audio_plain","measured","10","33.246","200","True","total=8;items=8",""
"audio_plain","measured","11","33.573","200","True","total=8;items=8",""
"audio_plain","measured","12","32.526","200","True","total=8;items=8",""
"audio_plain","measured","13","22.795","200","True","total=8;items=8",""
"audio_plain","measured","14","23.361","200","True","total=8;items=8",""
"audio_plain","measured","15","32.559","200","True","total=8;items=8",""
"audio_search","warmup","1","29.289","200","True","total=1;items=1",""
"audio_search","warmup","2","21.487","200","True","total=1;items=1",""
"audio_search","warmup","3","18.664","200","True","total=1;items=1",""
"audio_search","measured","1","18.03","200","True","total=1;items=1",""
"audio_search","measured","2","18.963","200","True","total=1;items=1",""
"audio_search","measured","3","21.332","200","True","total=1;items=1",""
"audio_search","measured","4","13.475","200","True","total=1;items=1",""
"audio_search","measured","5","21.133","200","True","total=1;items=1",""
"audio_search","measured","6","31.466","200","True","total=1;items=1",""
"audio_search","measured","7","32.225","200","True","total=1;items=1",""
"audio_search","measured","8","34.266","200","True","total=1;items=1",""
"audio_search","measured","9","32.751","200","True","total=1;items=1",""
"audio_search","measured","10","31.509","200","True","total=1;items=1",""
"audio_search","measured","11","31.591","200","True","total=1;items=1",""
"audio_search","measured","12","18.125","200","True","total=1;items=1",""
"audio_search","measured","13","18.552","200","True","total=1;items=1",""
"audio_search","measured","14","18.542","200","True","total=1;items=1",""
"audio_search","measured","15","18.164","200","True","total=1;items=1",""
"daily_plan","warmup","1","1407.034","200","True","overdue=195;today=0;upcoming=780;noDeadline=195;completed=330",""
"daily_plan","warmup","2","1280.048","200","True","overdue=195;today=0;upcoming=780;noDeadline=195;completed=330",""
"daily_plan","warmup","3","1146.726","200","True","overdue=195;today=0;upcoming=780;noDeadline=195;completed=330",""
"daily_plan","measured","1","1327.999","200","True","overdue=195;today=0;upcoming=780;noDeadline=195;completed=330",""
"daily_plan","measured","2","1152.17","200","True","overdue=195;today=0;upcoming=780;noDeadline=195;completed=330",""
"daily_plan","measured","3","1229.852","200","True","overdue=195;today=0;upcoming=780;noDeadline=195;completed=330",""
"daily_plan","measured","4","1294.839","200","True","overdue=195;today=0;upcoming=780;noDeadline=195;completed=330",""
"daily_plan","measured","5","1374.167","200","True","overdue=195;today=0;upcoming=780;noDeadline=195;completed=330",""
"daily_plan","measured","6","1145.297","200","True","overdue=195;today=0;upcoming=780;noDeadline=195;completed=330",""
"daily_plan","measured","7","1133.158","200","True","overdue=195;today=0;upcoming=780;noDeadline=195;completed=330",""
"daily_plan","measured","8","1192.682","200","True","overdue=195;today=0;upcoming=780;noDeadline=195;completed=330",""
"daily_plan","measured","9","1290.204","200","True","overdue=195;today=0;upcoming=780;noDeadline=195;completed=330",""
"daily_plan","measured","10","1137.075","200","True","overdue=195;today=0;upcoming=780;noDeadline=195;completed=330",""
"daily_plan","measured","11","1032.191","200","True","overdue=195;today=0;upcoming=780;noDeadline=195;completed=330",""
"daily_plan","measured","12","1050.556","200","True","overdue=195;today=0;upcoming=780;noDeadline=195;completed=330",""
"daily_plan","measured","13","1307.461","200","True","overdue=195;today=0;upcoming=780;noDeadline=195;completed=330",""
"daily_plan","measured","14","1265.554","200","True","overdue=195;today=0;upcoming=780;noDeadline=195;completed=330",""
"daily_plan","measured","15","979.879","200","True","overdue=195;today=0;upcoming=780;noDeadline=195;completed=330",""
