"workload","endpoint","expected","actual","warmups","runs","correctness","correctnessFailures","p50Ms","p95Ms","errorRatePct","failure"
"notes_plain","/api/notes?page=0&size=20","1500","total=1500;items=20","3","15","PASS","0","26.564","31.738","0",""
"notes_common","/api/notes?page=0&size=20&q=checkpoint","662","total=662;items=20","3","15","PASS","0","28.734","44.058","0",""
"notes_medium","/api/notes?page=0&size=20&q=tradeoff","165","total=165;items=20","3","15","PASS","0","29.452","34.124","0",""
"notes_rare","/api/notes?page=0&size=20&q=quorum","10","total=10;items=10","3","15","PASS","0","34.45","54.21","0",""
"notes_none","/api/notes?page=0&size=20&q=xyznomatch","0","total=0;items=0","3","15","PASS","0","34.597","40.628","0",""
"notes_category","/api/notes?page=0&size=20&categoryId=342","75","total=75;items=20","3","15","PASS","0","47.328","58.592","0",""
"notes_tag","/api/notes?page=0&size=20&tagId=4392","39","total=39;items=20","3","15","PASS","0","45.159","62.709","0",""
"notes_timestamp","/api/notes?page=0&size=20&hasTimestamp=true","900","total=900;items=20","3","15","PASS","0","41.429","61.663","0",""
"notes_combined","/api/notes?page=0&size=20&q=checkpoint&categoryId=342&tagId=4392","4","total=4;items=4","3","15","PASS","0","31.608","44.481","0",""
"notes_later_page","/api/notes?page=10&size=20","1500","total=1500;items=20","3","15","PASS","0","48.273","60.698","0",""
"tasks_plain","/api/tasks?page=0&size=20","1500","total=1500;items=20","3","15","PASS","0","49.176","63.32","0",""
"tasks_common","/api/tasks?page=0&size=20&q=checkpoint","662","total=662;items=20","3","15","PASS","0","43.686","51.434","0",""
"tasks_medium","/api/tasks?page=0&size=20&q=tradeoff","165","total=165;items=20","3","15","PASS","0","41.738","50.701","0",""
"tasks_rare","/api/tasks?page=0&size=20&q=quorum","10","total=10;items=10","3","15","PASS","0","40.983","50.362","0",""
"tasks_none","/api/tasks?page=0&size=20&q=xyznomatch","0","total=0;items=0","3","15","PASS","0","20.296","32.77","0",""
"tasks_status","/api/tasks?page=0&size=20&status=IN_PROGRESS","390","total=390;items=20","3","15","PASS","0","30.925","49.154","0",""
"tasks_deadline","/api/tasks?page=0&size=20&deadlineFrom=2026-09-21&deadlineTo=2026-09-27","642","total=642;items=20","3","15","PASS","0","47.307","58.934","0",""
"tasks_category","/api/tasks?page=0&size=20&categoryId=342","75","total=75;items=20","3","15","PASS","0","42.612","49.23","0",""
"tasks_tag","/api/tasks?page=0&size=20&tagId=4392","38","total=38;items=20","3","15","PASS","0","32.834","48.225","0",""
"tasks_source","/api/tasks?page=0&size=20&sourceStatus=SOURCE_MISSING","300","total=300;items=20","3","15","PASS","0","40.617","48.529","0",""
"tasks_combined","/api/tasks?page=0&size=20&q=checkpoint&status=NOT_STARTED&categoryId=342","38","total=38;items=20","3","15","PASS","0","34.093","67.372","0",""
"tasks_later_page","/api/tasks?page=10&size=20","1500","total=1500;items=20","3","15","PASS","0","48.158","54.764","0",""
"video_plain","/api/library/videos?page=0&size=20","100","total=100;items=20","3","15","PASS","0","51.466","63.415","0",""
"video_search","/api/library/videos?page=0&size=20&q=%231%20What%20and%20Why%20Git%20-%20T%E1%BA%A1i%20Sao%20Ch%C3%BAng%20Ta%20H%E1%BB%8Dc%20Git%20%7C%20Git%20Si%C3%AAu%20D%E1%BB%85%20Cho%20Beginners%20T%E1%BB%AB%20A%20%C4%90%E1%BA%BFn%20Z","1","total=1;items=1","3","15","PASS","0","30.164","35.137","0",""
"video_filter_sort","/api/library/videos?page=0&size=20&watched=true&sortBy=viewCount&sortDirection=desc","75","total=75;items=20","3","15","PASS","0","55.872","66.723","0",""
"image_plain","/api/library/images?page=0&size=20","20","total=20;items=20","3","15","PASS","0","52.985","61.661","0",""
"image_search","/api/library/images?page=0&size=20&q=https%3A%2F%2Fupload.wikimedia.org%2Fwikipedia%2Fcommons%2F0%2F04%2FEntity_Relationship_Diagram_Examples.png%3Futm_source%3Dcommons.wikimedia.org%26utm_campaign%3Dimageinfo%26utm_content%3Doriginal","1","total=1;items=1","3","15","PASS","0","20.677","31.608","0",""
"audio_plain","/api/library/audio?page=0&size=20","8","total=8;items=8","3","15","PASS","0","28.338","33.573","0",""
"audio_search","/api/library/audio?page=0&size=20&q=https%3A%2F%2Flistenaminute.com%2Fb%2Fbusiness.mp3","1","total=1;items=1","3","15","PASS","0","21.133","34.266","0",""
"daily_plan","/api/plan","overdue=195;today=0;upcoming=780;noDeadline=195;completed=330","overdue=195;today=0;upcoming=780;noDeadline=195;completed=330","3","15","PASS","0","1192.682","1374.167","0",""
